Id,Date,CDs,Price
1,1997-01-01,2,29.33
1,1997-01-18,2,29.73
1,1997-08-02,1,14.96
1,1997-12-12,2,26.48
10,1997-01-01,2,30.32
100,1997-01-05,1,16.99
100,1997-06-21,2,26.22
1000,1997-02-07,1,9.97
1000,1997-03-13,1,13.77
1000,1997-04-28,1,13.77
1000,1997-06-04,1,10.77
1000,1997-07-28,2,26.73
1000,1998-01-10,2,27.98
1000,1998-01-16,1,25.49
1000,1998-05-09,2,28.48
1001,1997-02-07,1,38.77
1002,1997-02-07,1,11.77
1003,1997-02-07,3,59.34
1003,1997-08-13,3,68.31
1004,1997-02-07,2,27.94
1005,1997-02-07,2,27.53
1005,1997-03-06,1,15.76
1006,1997-02-07,1,14.37
1007,1997-02-08,11,119.55
1008,1997-02-08,1,36.77
1008,1997-02-18,1,20.99
1008,1997-10-28,1,16.49
1008,1997-11-06,1,16.49
1008,1997-12-06,5,104.95
1008,1997-12-13,1,28.99
1009,1997-02-08,1,11.77
101,1997-01-06,5,62.45
101,1997-02-13,1,12.49
101,1997-05-05,1,6.79
101,1997-05-26,1,6.79
101,1997-08-13,3,37.31
101,1997-09-16,2,23.98
101,1997-11-17,2,15.48
101,1997-11-20,1,14.49
101,1997-12-10,1,14.99
101,1998-06-03,2,24.48
1010,1997-02-08,10,154.18
1010,1997-03-25,1,41.9
1010,1997-03-26,7,98.61
1010,1997-06-19,13,255.35
1010,1997-06-20,1,11.77
1010,1997-07-06,15,207.02
1011,1997-02-08,3,35.23
1011,1997-05-17,3,64.01
1011,1997-06-20,3,41.69
1011,1997-11-06,4,49.96
1011,1998-01-09,2,26.98
1011,1998-03-02,3,34.94
1011,1998-03-15,1,25.49
1012,1997-02-08,1,29.99
1012,1997-12-04,1,12.99
1013,1997-02-08,1,13.97
1013,1998-03-17,1,14.42
1014,1997-02-08,1,32.99
1015,1997-02-08,2,24.73
1015,1997-03-01,2,26.14
1015,1997-04-19,3,37.91
1015,1997-08-09,4,56.92
1016,1997-02-08,2,28.74
1017,1997-02-08,1,10.78
1017,1997-02-20,1,9.98
1017,1997-02-22,1,10.78
1017,1997-03-28,2,19.55
1017,1997-04-04,1,9.98
1017,1997-04-26,1,10.78
1017,1997-05-05,1,9.98
1017,1997-06-16,1,9.98
1017,1997-07-07,2,20.76
1017,1997-07-21,1,9.98
1017,1997-07-28,2,20.76
1017,1997-09-02,1,10.78
1017,1997-09-23,1,10.99
1017,1997-10-10,1,10.99
1017,1997-10-11,1,10.99
1017,1997-10-17,1,11.99
1017,1997-10-21,3,32.97
1017,1998-01-22,1,12.49
1017,1998-01-26,2,21.98
1017,1998-02-11,2,21.98
1017,1998-03-01,2,22.48
1017,1998-03-08,1,11.99
1017,1998-04-21,2,14.98
1017,1998-05-07,1,13.99
1017,1998-05-11,3,34.97
1017,1998-06-24,2,21.98
1018,1997-02-08,1,24.77
1018,1997-04-13,4,49.48
1018,1998-01-10,4,62.46
1018,1998-03-04,4,81.03
1018,1998-05-22,2,21.87
1019,1997-02-08,1,9.97
102,1997-01-06,1,19.99
1020,1997-02-08,1,17.7
1021,1997-02-08,2,41.14
1021,1997-06-22,1,29.6
1021,1997-07-08,1,29.6
1022,1997-02-08,1,19.97
1023,1997-02-08,1,11.77
1024,1997-02-08,2,28.67
1025,1997-02-08,3,42.9
1025,1998-01-05,3,43.97
1025,1998-02-26,2,25.57
1025,1998-04-17,2,23.76
1026,1997-02-08,1,15.96
1027,1997-02-08,1,17.99
1028,1997-02-08,1,14.96
1028,1997-10-22,2,20.48
1029,1997-02-08,1,43.99
103,1997-01-06,4,34.74
1030,1997-02-08,1,11.77
1031,1997-02-08,10,153.16
1032,1997-02-08,1,12.97
1033,1997-02-08,1,20.99
1033,1997-11-08,1,21.49
1033,1998-03-21,2,33.98
1033,1998-06-18,1,14.49
1034,1997-02-08,1,14.37
1035,1997-02-08,1,17.9
1036,1997-02-08,1,20.99
1037,1997-02-08,1,19.7
1037,1997-02-12,2,35.76
1037,1997-03-13,2,41.98
1037,1997-04-14,2,43.94
1037,1997-05-19,1,11.77
1037,1997-11-09,1,12.99
1037,1998-01-06,3,43.47
1037,1998-01-23,1,16.99
1038,1997-02-09,1,11.77
1038,1997-07-21,3,57.5
1039,1997-02-09,1,22.3
1039,1997-04-11,1,28.99
104,1997-01-06,1,22.7
1040,1997-02-09,1,11.77
1041,1997-02-09,3,51.7
1041,1997-12-06,7,117.43
1042,1997-02-09,1,11.77
1042,1997-04-01,1,9.77
1042,1997-05-12,1,10.98
1042,1997-06-15,2,24.75
1043,1997-02-09,1,12.49
1044,1997-02-09,1,12.77
1044,1997-09-30,1,19.49
1045,1997-02-09,1,9.99
1046,1997-02-09,5,162.04
1046,1997-02-13,1,13.97
1047,1997-02-09,4,50.88
1048,1997-02-09,3,44.7
1049,1997-02-09,1,9.97
105,1997-01-06,6,79.21
105,1997-06-24,7,92.8
1050,1997-02-09,1,15.36
1051,1997-02-09,5,61.68
1051,1997-04-29,1,14.79
1051,1997-07-01,1,8.97
1051,1997-07-05,1,13.97
1051,1997-08-03,2,28.74
1051,1997-10-19,1,13.99
1051,1997-11-14,1,46.99
1052,1997-02-09,5,74.95
1052,1997-11-03,4,61.96
1052,1997-12-16,1,14.49
1052,1998-02-13,2,30.48
1052,1998-06-11,6,74.33
1053,1997-02-09,4,61.47
1054,1997-02-09,1,14.37
1054,1997-02-11,1,19.99
1054,1997-06-23,1,13.97
1054,1998-02-26,1,15.49
1055,1997-02-09,1,28.99
1056,1997-02-09,3,33.31
1056,1997-05-07,3,42.69
1056,1997-06-08,2,29.33
1056,1997-08-16,3,52.91
1056,1997-09-18,2,30.48
1056,1997-09-23,2,27.48
1056,1997-10-05,5,78.45
1056,1998-01-01,4,52.46
1056,1998-01-15,1,11.99
1056,1998-04-09,4,49.63
1056,1998-06-27,4,59.39
1057,1997-02-09,3,42.9
1058,1997-02-09,3,54.97
1058,1997-04-21,2,40.48
1058,1997-06-22,3,42.17
1058,1997-07-31,3,118.72
1058,1997-10-24,1,35.49
1058,1998-01-14,1,35.49
1059,1997-02-09,8,150.66
1059,1997-02-10,1,11.99
106,1997-01-06,3,52.3
106,1997-02-18,3,52.3
1060,1997-02-09,4,57.59
1061,1997-02-09,1,9.77
1062,1997-02-09,1,14.77
1062,1997-02-24,3,41.92
1062,1997-05-02,2,25.74
1062,1997-05-12,1,14.96
1063,1997-02-09,1,13.97
1064,1997-02-09,4,86.6
1065,1997-02-09,2,27.94
1066,1997-02-09,1,20.99
1067,1997-02-10,6,90.56
1068,1997-02-10,1,14.37
1069,1997-02-10,2,39.75
107,1997-01-06,6,125.82
1070,1997-02-10,4,57.9
1071,1997-02-10,1,22.99
1071,1997-02-24,1,12.77
1071,1997-03-10,1,13.97
1072,1997-02-10,2,21.76
1073,1997-02-10,2,27.73
1074,1997-02-10,1,15.36
1075,1997-02-10,1,15.99
1075,1997-03-05,1,19.99
1075,1997-03-16,1,12.49
1075,1998-04-03,1,12.49
1076,1997-02-10,1,13.97
1076,1997-05-06,3,37.71
1076,1997-05-16,1,11.77
1076,1997-06-25,1,11.77
1077,1997-02-10,1,15.36
1078,1997-02-10,2,22.74
1079,1997-02-10,3,40.7
108,1997-01-06,2,32.98
1080,1997-02-10,1,0
1081,1997-02-10,5,60.64
1081,1997-02-13,7,98.5
1081,1997-02-22,7,105.76
1081,1997-02-25,7,98.16
1081,1997-03-09,6,85.21
1081,1997-03-26,8,112.51
1081,1997-04-07,9,119.71
1081,1997-05-16,7,96.95
1081,1997-06-02,7,110.18
1081,1997-07-28,10,128.69
1081,1997-07-30,6,96.74
1081,1997-09-22,9,119.41
1081,1997-10-29,9,116.91
1081,1997-12-16,9,118.91
1081,1998-02-11,7,72.82
1081,1998-05-17,6,83.94
1082,1997-02-10,1,13.97
1083,1997-02-10,1,13.97
1084,1997-02-10,1,12.77
1084,1997-02-11,3,80.31
1084,1997-02-26,1,15.36
1085,1997-02-10,1,27.3
1086,1997-02-10,1,26.99
1086,1997-06-23,1,9.98
1087,1997-02-10,2,26.98
1088,1997-02-10,4,69.96
1088,1997-02-17,4,74.96
1088,1997-03-03,1,19.99
1088,1997-03-16,3,73.7
1088,1997-07-04,5,91.83
1088,1997-08-02,5,64.42
1088,1997-08-03,1,14.37
1088,1997-08-30,5,127.64
1088,1997-10-07,1,55.49
1088,1997-10-29,3,39.47
1088,1997-12-07,6,75.44
1088,1997-12-18,2,20.98
1088,1998-01-03,1,13.99
1088,1998-01-17,9,101.41
1088,1998-02-18,1,11.49
1088,1998-02-28,2,31.98
1088,1998-03-13,3,53.36
1089,1997-02-10,1,11.77
109,1997-01-06,2,27.13
109,1997-01-08,3,39.09
1090,1997-02-10,1,12.97
1091,1997-02-10,1,17.96
1091,1997-06-23,1,5.99
1092,1997-02-10,1,12.49
1093,1997-02-10,1,12.49
1093,1997-03-24,3,39.94
1093,1997-04-14,1,12.49
1093,1997-05-05,1,27.75
1094,1997-02-10,1,12.49
1095,1997-02-10,2,19.54
1095,1997-03-13,2,17.75
1095,1997-08-25,5,45.49
1096,1997-02-10,3,37.71
1097,1997-02-10,2,30.53
1097,1997-02-24,1,14.37
1098,1997-02-10,2,15.54
1099,1997-02-10,1,6.79
1099,1997-02-18,2,13.58
1099,1997-04-09,2,28.34
1099,1997-05-06,1,14.99
1099,1997-08-04,1,13.77
11,1997-01-01,1,18.99
11,1997-01-27,1,14.37
11,1997-02-01,1,9.77
11,1997-03-02,1,15.99
11,1997-05-04,3,47.33
11,1997-06-21,3,59.74
11,1997-11-11,2,32.98
110,1997-01-06,3,42.49
110,1997-11-08,2,29.48
1100,1997-02-11,1,17.7
1100,1997-04-09,1,17.7
1100,1997-05-29,1,17.7
1100,1997-12-08,1,17.7
1101,1997-02-11,1,11.77
1101,1997-03-14,1,25.3
1101,1997-03-25,1,13.97
1102,1997-02-11,1,15.36
1102,1997-06-19,1,14.99
1102,1998-03-05,1,12.99
1103,1997-02-11,1,6.79
1104,1997-02-11,10,168.03
1104,1998-02-22,11,162.89
1104,1998-02-28,15,177.5
1104,1998-05-10,17,258.15
1105,1997-02-11,4,50.5
1106,1997-02-11,3,33.31
1107,1997-02-11,3,38.33
1108,1997-02-11,7,111.49
1108,1997-04-12,2,22.4
1109,1997-02-11,1,9.77
1109,1997-02-24,1,15.36
1109,1997-05-23,1,9.77
1109,1997-09-11,2,27.98
1109,1998-03-26,2,19.56
111,1997-01-06,1,9.97
111,1997-01-08,1,12.97
111,1998-06-04,1,12.58
1110,1997-02-11,1,12.97
1111,1997-02-11,3,26.53
1112,1997-02-11,1,14.96
1112,1997-06-20,1,14.96
1112,1997-11-25,1,14.99
1112,1998-05-02,1,8.38
1113,1997-02-11,6,85.42
1113,1997-02-17,2,27.94
1114,1997-02-11,2,26.73
1114,1997-02-12,2,29.73
1114,1997-03-11,1,15.36
1114,1997-03-24,3,45.28
1114,1997-04-07,1,14.96
1114,1997-05-07,2,27.56
1114,1997-06-20,1,14.96
1114,1997-10-31,1,8.49
1114,1997-11-25,1,13.99
1114,1998-04-02,3,41.06
1114,1998-06-01,2,25.37
1115,1997-02-11,1,15.96
1116,1997-02-11,1,16.7
1117,1997-02-11,1,13.97
1117,1997-03-11,3,48.88
1117,1997-06-17,1,14.96
1117,1997-07-27,4,63.67
1117,1997-09-02,6,64.43
1117,1997-11-04,5,73.95
1117,1997-12-31,3,25.47
1117,1998-03-18,3,39.36
1117,1998-06-11,2,19.56
1118,1997-02-11,2,33.94
1119,1997-02-11,1,15.96
112,1997-01-06,7,156
1120,1997-02-11,4,54.08
1120,1997-02-20,4,51.87
1121,1997-02-11,1,13.97
1122,1997-02-11,2,29.73
1122,1997-03-09,3,45.5
1122,1997-04-21,2,67.95
1122,1997-10-03,2,50.48
1122,1997-10-17,1,13.99
1122,1997-11-25,2,48.98
1122,1998-04-07,2,33.98
1123,1997-02-11,2,25.74
1124,1997-02-11,1,13.97
1124,1997-02-28,1,11.77
1125,1997-02-11,6,36.11
1125,1997-02-22,5,30.33
1125,1997-03-21,12,80.24
1125,1997-04-20,9,62.1
1126,1997-02-11,1,15.96
1126,1997-02-15,2,28.53
1126,1997-02-23,1,15.36
1126,1997-07-10,2,29.58
1126,1997-07-15,5,89.47
1126,1997-07-27,5,70.26
1126,1997-08-18,4,58.67
1126,1997-09-12,3,34.97
1126,1997-10-02,2,24.48
1126,1997-10-13,2,21.48
1126,1997-10-25,2,21.48
1126,1997-11-10,2,24.48
1126,1997-11-18,3,38.97
1126,1998-01-11,5,64.45
1126,1998-01-12,6,86.94
1126,1998-02-01,4,61.05
1127,1997-02-11,3,39.35
1127,1997-04-05,3,41.35
1127,1997-05-27,4,50.28
1127,1998-03-29,5,57.95
1128,1997-02-11,2,23.09
1129,1997-02-11,2,27.94
1129,1997-04-12,2,29.92
1129,1997-06-08,3,57.5
1129,1997-06-26,2,29.92
1129,1997-09-14,4,56.96
1129,1997-09-24,4,56.96
1129,1997-11-30,3,42.97
1129,1998-01-10,2,35.98
1129,1998-02-14,2,51.98
1129,1998-02-21,1,13.99
1129,1998-03-10,2,18.48
1129,1998-05-29,2,27.58
113,1997-01-06,1,11.77
1130,1997-02-11,1,15.96
1131,1997-02-11,2,44.98
1132,1997-02-11,2,25.74
1133,1997-02-12,2,53.98
1134,1997-02-12,1,9.99
1134,1997-03-24,2,49.98
1134,1997-04-08,1,14.96
1134,1997-07-30,1,9.99
1134,1997-09-07,1,14.99
1134,1997-09-27,3,40.97
1134,1997-10-20,1,12.99
1134,1997-11-03,1,9.49
1134,1997-11-14,1,19.49
1134,1997-12-12,1,12.99
1134,1998-01-02,2,27.98
1134,1998-01-07,1,89.49
1134,1998-02-08,1,11.88
1134,1998-03-17,1,15.99
1134,1998-04-18,2,29.98
1134,1998-04-22,1,12.99
1134,1998-05-02,1,11.88
1134,1998-05-05,1,14.49
1134,1998-05-26,1,11.88
1135,1997-02-12,2,11.78
1136,1997-02-12,4,69.55
1136,1997-02-15,5,60.64
1136,1997-02-17,2,29.66
1136,1997-02-24,3,150.5
1136,1997-02-25,1,14.96
1136,1997-03-12,5,59.07
1136,1997-03-17,4,62.47
1136,1997-03-29,3,37.11
1136,1997-04-01,3,38.5
1136,1997-04-06,3,54.11
1136,1997-04-15,2,40.4
1136,1997-05-07,3,45.88
1136,1997-06-16,2,30.32
1136,1998-02-02,1,22.49
1136,1998-02-08,3,40.36
1136,1998-06-04,6,78.44
1136,1998-06-11,2,35.07
1136,1998-06-17,2,23.76
1137,1997-02-12,6,78.43
1137,1997-06-21,3,35.71
1137,1997-10-25,4,48.96
1137,1997-11-08,3,74.47
1137,1997-12-10,3,49.47
1137,1997-12-15,1,65.99
1138,1997-02-12,1,14.96
1139,1997-02-12,2,28.76
1139,1997-06-24,2,30.15
114,1997-01-06,1,14.37
114,1997-06-24,1,24.99
1140,1997-02-12,1,14.99
1140,1997-11-09,5,72.45
1141,1997-02-12,2,28.33
1141,1997-02-17,1,13.97
1142,1997-02-12,1,11.99
1143,1997-02-12,3,39.7
1144,1997-02-12,3,75.97
1145,1997-02-12,1,11.77
1146,1997-02-12,1,32.99
1146,1997-03-04,2,18.28
1146,1997-03-11,1,9.99
1146,1997-04-13,1,12.49
1147,1997-02-12,2,19.54
1148,1997-02-12,1,16.36
1149,1997-02-12,1,9.77
115,1997-01-06,2,29.33
1150,1997-02-12,1,29.99
1151,1997-02-12,1,42.77
1152,1997-02-12,5,92.07
1152,1997-05-08,7,103.18
1153,1997-02-12,2,24.98
1154,1997-02-12,2,30.33
1154,1997-02-16,1,14.96
1155,1997-02-12,1,9.77
1156,1997-02-12,1,9.97
1157,1997-02-12,1,14.37
1158,1997-02-13,1,15.96
1159,1997-02-13,2,50.76
116,1997-01-06,1,8.77
116,1997-02-12,3,28.31
116,1998-01-02,4,58.46
116,1998-05-26,3,14.47
1160,1997-02-13,1,74.37
1160,1997-07-18,2,19.98
1160,1997-08-24,3,54.77
1160,1997-09-19,3,56.97
1160,1997-09-21,2,26.98
1160,1997-10-15,2,28.48
1160,1997-10-21,1,65.99
1160,1997-11-21,2,20.98
1160,1997-12-23,2,19.48
1160,1998-01-02,1,18.49
1160,1998-01-23,2,25.98
1161,1997-02-13,1,19.99
1162,1997-02-13,2,32.72
1163,1997-02-13,1,49.99
1164,1997-02-13,2,30.73
1164,1997-04-08,2,37.54
1164,1997-06-01,2,24.54
1164,1997-10-07,1,20.99
1164,1998-03-25,1,9.33
1164,1998-06-14,1,59.47
1165,1997-02-13,6,77.42
1166,1997-02-13,7,88.8
1166,1997-02-17,4,54.88
1166,1997-02-18,2,27.13
1166,1997-02-19,2,27.93
1166,1997-02-22,3,38.7
1166,1998-03-27,2,14.84
1166,1998-03-30,2,21.98
1166,1998-04-04,2,21.66
1166,1998-05-07,1,9.99
1166,1998-05-15,1,35.99
1166,1998-05-19,1,15.99
1166,1998-05-22,1,13.49
1166,1998-05-28,10,116.9
1166,1998-06-01,1,4.49
1166,1998-06-03,1,15.49
1166,1998-06-24,1,12.99
1167,1997-02-13,1,12.97
1167,1998-03-28,2,20.98
1168,1997-02-13,1,11.77
1168,1997-02-18,1,9.97
1168,1998-01-08,1,11.49
1169,1997-02-13,1,15.96
117,1997-01-06,1,8.77
1170,1997-02-13,3,46.52
1170,1997-03-04,3,59.97
1171,1997-02-13,1,12.97
1172,1997-02-13,1,12.49
1172,1997-02-27,1,14.96
1172,1997-02-28,1,14.96
1172,1997-03-27,1,13.97
1173,1997-02-13,2,28.74
1174,1997-02-13,1,12.49
1175,1997-02-13,4,59.28
1176,1997-02-13,1,10.97
1177,1997-02-13,1,5.78
1178,1997-02-13,2,27.94
1178,1997-04-16,2,32.26
1179,1997-02-13,1,13.97
118,1997-01-06,1,11.77
1180,1997-02-13,1,13.97
1180,1998-03-05,2,28.98
1180,1998-06-13,3,37.47
1181,1997-02-13,4,50.67
1181,1997-02-17,3,43.73
1181,1997-08-18,2,28.74
1181,1997-08-31,1,28.18
1181,1997-10-13,2,18.98
1181,1998-02-08,2,50.48
1181,1998-03-07,5,65.45
1181,1998-03-09,1,9.49
1181,1998-03-19,1,16.99
1181,1998-03-31,4,37.96
1181,1998-04-15,2,30.98
1181,1998-05-14,3,46.47
1181,1998-06-04,1,9.49
1181,1998-06-14,5,61.45
1182,1997-02-13,2,22.76
1183,1997-02-14,6,69.94
1183,1997-05-21,1,17.9
1183,1997-07-02,3,41.69
1183,1997-07-08,2,32.72
1183,1997-11-02,2,26.98
1183,1997-12-02,1,16.49
1183,1998-06-14,3,38.24
1184,1997-02-14,5,48.31
1184,1997-04-03,1,12.77
1184,1997-04-10,3,31.05
1184,1997-05-22,2,29.92
1184,1997-07-09,1,4.79
1184,1997-10-17,1,9.99
1184,1997-12-14,3,34.47
1184,1998-02-10,2,21.48
1185,1997-02-14,2,26.73
1185,1997-09-13,3,38.97
1186,1997-02-14,1,14.37
1187,1997-02-14,1,14.37
1187,1997-09-14,3,42.97
1187,1997-09-30,3,41.97
1187,1997-10-18,1,13.99
1187,1997-10-26,1,22.49
1187,1997-11-30,1,15.49
1187,1998-01-18,3,40.56
1187,1998-05-12,1,15.49
1187,1998-05-16,2,42.98
1188,1997-02-14,2,42.36
1188,1997-03-11,1,15.36
1188,1997-12-15,1,18.49
1189,1997-02-14,1,14.37
1189,1997-08-02,2,28.93
1189,1997-09-24,2,25.98
1189,1998-01-02,2,25.98
1189,1998-06-04,4,51.03
119,1997-01-06,1,9.98
1190,1997-02-14,5,62.87
1190,1997-02-20,2,21.74
1191,1997-02-14,2,21.95
1192,1997-02-14,1,15.36
1193,1997-02-14,1,63.37
1193,1997-02-15,4,49.28
1193,1997-02-22,1,24.37
1194,1997-02-14,1,11.77
1194,1997-02-25,1,11.77
1194,1997-12-21,1,15.49
1194,1998-06-09,2,20.98
1195,1997-02-14,1,0
1196,1997-02-14,1,15.96
1197,1997-02-14,2,41.54
1198,1997-02-14,2,24.74
1198,1997-02-18,2,24.74
1199,1997-02-14,5,58.24
1199,1997-02-24,3,44.93
1199,1997-03-21,1,14.99
1199,1997-03-31,2,23.14
1199,1997-04-20,1,12.7
1199,1997-04-24,1,19.99
1199,1997-05-07,3,51.89
1199,1997-05-30,1,14.99
1199,1997-10-07,1,13.99
12,1997-01-01,1,13.97
120,1997-01-06,1,19.77
1200,1997-02-14,2,25.94
1201,1997-02-14,1,9.98
1201,1997-03-18,4,35.51
1201,1997-03-27,4,43.92
1201,1997-05-20,6,62.26
1201,1997-06-27,3,29.94
1201,1997-07-24,4,42.7
1201,1997-08-20,4,32.69
1201,1997-10-01,5,47.95
1201,1997-12-02,1,9.99
1201,1997-12-09,3,25.97
1201,1998-01-19,4,47.96
1201,1998-01-20,2,25.48
1201,1998-02-26,5,60.34
1201,1998-03-18,3,33.54
1201,1998-03-19,1,13.99
1201,1998-05-20,3,39.25
1201,1998-06-10,4,47.35
1202,1997-02-14,1,14.99
1203,1997-02-14,2,28.27
1203,1997-02-22,1,15.96
1203,1997-04-26,3,44.43
1203,1997-06-01,2,29.33
1203,1997-06-08,3,42.69
1203,1997-08-21,4,42.11
1203,1997-09-09,3,39.47
1203,1997-10-07,2,27.98
1203,1997-10-10,1,28.49
1203,1997-10-16,3,44.47
1203,1997-10-23,3,45.47
1203,1997-10-27,3,41.47
1203,1997-10-31,3,40.97
1203,1997-11-10,2,30.48
1203,1997-11-17,3,38.47
1203,1997-11-18,1,11.49
1203,1997-11-27,5,65.95
1203,1997-12-07,4,64.46
1203,1997-12-10,2,25.98
1203,1998-01-01,3,30.47
1203,1998-01-04,3,41.97
1203,1998-01-11,3,32.97
1203,1998-01-17,3,41.47
1203,1998-02-02,4,70.58
1203,1998-02-03,1,15.49
1203,1998-02-05,2,26.48
1203,1998-02-14,2,22.98
1203,1998-02-28,8,123.92
1203,1998-03-01,3,39.47
1203,1998-03-02,3,39.97
1203,1998-03-09,1,11.49
1203,1998-03-24,2,29.98
1203,1998-04-16,2,27.37
1203,1998-04-24,3,49.4
1203,1998-04-26,2,27.37
1203,1998-05-03,2,20.98
1203,1998-05-07,3,38
1203,1998-05-18,3,45.47
1203,1998-05-26,3,38.07
1203,1998-06-06,1,12.58
1203,1998-06-26,3,43.36
1204,1997-02-14,1,14.96
1205,1997-02-14,1,34.97
1206,1997-02-14,3,26.57
1207,1997-02-14,5,58.05
1207,1997-02-16,3,46.29
1208,1997-02-15,1,44.77
1209,1997-02-15,3,67.51
121,1997-01-06,1,15.96
121,1997-01-27,1,13.77
1210,1997-02-15,2,25.74
1211,1997-02-15,2,24.73
1211,1997-10-30,3,51.97
1212,1997-02-15,5,66.85
1212,1997-11-06,4,56.96
1212,1998-03-05,3,35.47
1213,1997-02-15,3,35.31
1214,1997-02-15,1,49.99
1215,1997-02-15,1,11.77
1215,1998-02-22,2,28.56
1216,1997-02-15,7,101.11
1217,1997-02-15,2,28.98
1217,1997-03-30,1,13.97
1218,1997-02-15,1,14.37
1219,1997-02-15,1,14.37
122,1997-01-06,11,163.52
1220,1997-02-15,4,59.06
1220,1997-03-13,4,56.28
1220,1998-05-28,3,40.47
1221,1997-02-15,1,20.99
1221,1997-10-14,1,11.49
1222,1997-02-15,2,29.73
1223,1997-02-15,1,3.99
1224,1997-02-15,1,12.97
1225,1997-02-15,3,37.51
1226,1997-02-15,1,12.49
1226,1998-06-02,2,32.98
1226,1998-06-11,5,69.95
1226,1998-06-19,2,27.98
1227,1997-02-15,2,31.52
1227,1997-06-29,2,26.93
1227,1997-07-26,3,40.7
1227,1997-08-31,2,28.73
1227,1997-11-04,2,26.98
1227,1998-03-04,2,30.98
1227,1998-05-29,3,32.97
1228,1997-02-15,1,11.77
1229,1997-02-15,1,15.76
123,1997-01-06,1,24.99
1230,1997-02-16,1,15.36
1230,1997-02-21,1,11.97
1230,1997-03-14,2,25.14
1230,1997-08-16,1,33.37
1230,1997-10-03,2,25.98
1230,1997-11-13,1,9.49
1230,1998-01-09,1,18.49
1230,1998-01-29,3,27.47
1230,1998-04-29,2,24.98
1231,1997-02-16,4,52.87
1232,1997-02-16,1,14.37
1232,1997-04-08,1,12.77
1232,1997-04-29,1,15.36
1232,1997-08-28,1,5.79
1232,1997-10-21,2,26.48
1232,1997-11-28,1,12.49
1232,1998-02-21,2,25.48
1233,1997-02-16,6,86.52
1234,1997-02-16,2,29.33
1234,1997-02-24,1,15.36
1234,1997-03-26,3,43.3
1234,1997-03-29,2,28.93
1234,1997-04-03,2,37.73
1234,1997-04-20,3,40.71
1234,1997-07-10,2,25.74
1234,1997-07-19,3,54.52
1234,1997-07-27,3,54.9
1234,1997-10-19,3,38.97
1234,1998-02-22,5,75.95
1234,1998-03-01,5,98.6
1234,1998-04-04,11,109.89
1234,1998-04-08,1,65.99
1235,1997-02-16,1,14.37
1236,1997-02-16,3,34.31
1236,1997-02-22,1,11.77
1237,1997-02-16,1,24.9
1238,1997-02-16,1,15.96
1238,1998-01-02,6,81.94
1238,1998-05-09,6,82.81
1238,1998-05-10,1,16.49
1238,1998-05-22,1,27.99
1239,1997-02-16,4,62.65
1239,1997-04-06,2,36.33
1239,1997-05-19,3,46.28
124,1997-01-06,1,14.96
1240,1997-02-16,1,12.77
1241,1997-02-16,2,47.98
1241,1998-03-08,1,13.49
1242,1997-02-16,1,12.49
1242,1997-02-22,1,12.97
1242,1997-03-25,1,14.9
1242,1997-04-25,1,12.49
1242,1997-05-10,1,19.55
1242,1997-05-24,1,12.25
1242,1997-05-31,2,18.52
1242,1997-06-07,1,12.25
1242,1997-06-18,1,21
1242,1997-06-24,1,12.25
1242,1997-07-08,1,16.65
1242,1997-09-20,1,12.49
1242,1997-10-19,2,33.98
1242,1997-11-23,1,9.99
1242,1997-12-17,1,9.49
1242,1998-02-14,3,44.97
1242,1998-03-22,1,21.49
1242,1998-04-11,1,12.58
1242,1998-04-18,4,46.47
1242,1998-05-23,3,37.97
1242,1998-05-30,1,20.99
1242,1998-06-16,1,6.49
1243,1997-02-16,1,32.37
1244,1997-02-16,3,39.91
1244,1997-02-25,2,39.74
1245,1997-02-16,3,46.49
1245,1997-02-22,2,31.98
1245,1997-03-11,2,30.95
1245,1997-03-23,4,41.56
1245,1997-07-25,2,36.22
1245,1997-09-03,1,13.72
1245,1997-09-05,1,5.79
1245,1997-09-29,1,11.49
1245,1997-09-30,2,24.98
1245,1997-11-22,1,12.49
1245,1998-01-02,2,24.98
1245,1998-01-27,1,21.49
1245,1998-03-18,3,36.47
1245,1998-04-20,2,34.51
1245,1998-04-21,1,19.49
1246,1997-02-16,4,51.67
1247,1997-02-16,1,15.36
1247,1997-03-13,1,12.77
1248,1997-02-16,2,39.35
1248,1998-05-23,10,122.9
1249,1997-02-16,2,30.72
1249,1997-04-12,2,29.33
125,1997-01-06,1,10.99
125,1997-02-25,3,36.71
125,1998-02-13,1,7.49
1250,1997-02-16,2,28.76
1251,1997-02-16,1,11.77
1252,1997-02-16,3,39.91
1252,1997-04-16,5,66.04
1252,1997-05-29,5,47.1
1252,1997-07-30,2,28.34
1252,1997-10-14,3,41.47
1252,1997-11-08,3,39.47
1253,1997-02-16,3,36.31
1254,1997-02-16,1,17.97
1255,1997-02-16,1,13.97
1255,1998-01-20,3,41.97
1255,1998-04-15,1,11.49
1255,1998-05-04,4,64.35
1255,1998-06-10,3,33.95
1256,1997-02-16,2,21.76
1257,1997-02-16,1,10.77
1258,1997-02-16,3,32.92
1258,1997-04-15,10,84.96
1258,1997-05-14,7,77.01
1258,1997-05-27,7,72.2
1259,1997-02-16,4,104.72
1259,1997-03-08,3,51.73
1259,1997-10-05,4,66.96
1259,1998-01-08,6,79.44
1259,1998-02-28,4,48.94
1259,1998-03-16,3,93.97
1259,1998-03-25,5,59.45
1259,1998-06-10,6,91.92
126,1997-01-07,2,34.98
1260,1997-02-16,1,11.77
1261,1997-02-16,1,14.79
1261,1997-07-05,1,13.77
1262,1997-02-16,2,46.36
1262,1997-02-22,2,26.66
1262,1997-04-06,3,52.9
1262,1997-05-05,1,25.77
1262,1997-06-15,10,158.44
1262,1997-07-20,1,59.99
1262,1997-08-10,2,119.98
1263,1997-02-16,1,15.36
1264,1997-02-16,1,11.77
1264,1997-05-03,1,11.97
1264,1997-07-16,1,13.97
1264,1997-12-28,2,27.98
1264,1998-01-26,1,13.99
1264,1998-04-09,1,14.49
1265,1997-02-17,4,66.96
1265,1997-06-27,2,30.6
1265,1997-10-03,2,30.6
1266,1997-02-17,2,30.72
1266,1997-02-18,1,6.79
1267,1997-02-17,2,33.4
1268,1997-02-17,2,23.94
1268,1997-03-09,1,8.78
1269,1997-02-17,1,13.97
1269,1997-02-22,1,14.96
127,1997-01-07,3,28.37
1270,1997-02-17,2,40.09
1271,1997-02-17,1,22.77
1271,1997-03-20,2,26.56
1271,1997-05-05,3,47.13
1271,1997-05-11,1,14.37
1271,1997-10-26,1,13.99
1271,1997-11-25,1,11.49
1271,1998-03-14,1,13.99
1272,1997-02-17,2,29.98
1272,1997-05-04,3,43.7
1272,1997-06-28,2,28.34
1272,1997-10-27,4,54.96
1272,1998-02-14,2,31.48
1273,1997-02-17,2,26.56
1274,1997-02-17,1,13.97
1275,1997-02-17,4,89.74
1276,1997-02-17,1,16.7
1276,1997-02-19,4,61.67
1276,1997-03-06,3,46.17
1277,1997-02-17,1,18.99
1277,1997-04-09,1,18.99
1278,1997-02-17,2,28.47
1278,1997-06-08,2,29.73
1279,1997-02-17,1,13.97
1279,1997-10-13,1,16.49
128,1997-01-07,1,10.77
1280,1997-02-17,1,14.79
1281,1997-02-17,1,11.77
1282,1997-02-17,1,15.96
1283,1997-02-17,3,58.95
1283,1997-02-23,1,17.76
1283,1997-02-24,1,17.76
1283,1997-02-27,1,14.37
1284,1997-02-17,1,15.36
1284,1997-03-27,1,14.96
1284,1997-04-16,1,12.97
1285,1997-02-17,3,44.69
1286,1997-02-17,1,26.99
1286,1997-02-21,1,11.77
1286,1997-03-18,1,16.36
1286,1997-07-01,1,14.79
1287,1997-02-17,2,31.72
1288,1997-02-17,1,15.96
1288,1998-05-31,4,50.73
1289,1997-02-17,3,60.97
1289,1997-04-02,1,25.37
129,1997-01-07,1,6.79
129,1997-01-09,2,9.58
129,1997-01-24,2,19.16
129,1997-02-13,1,13.97
129,1997-03-01,1,11.77
1290,1997-02-17,3,49.97
1290,1997-02-25,4,69.96
1290,1997-04-21,6,93.24
1290,1997-08-08,4,86.33
1290,1997-08-09,2,24.98
1290,1997-10-23,2,48.98
1290,1997-11-09,1,19.49
1290,1997-11-13,8,114.92
1290,1997-11-18,6,127.94
1290,1997-12-09,2,26.48
1290,1998-02-02,2,36.98
1290,1998-03-02,2,24.98
1290,1998-04-26,1,11.49
1290,1998-05-06,2,29.98
1290,1998-05-27,2,78.98
1290,1998-06-02,1,66.99
1290,1998-06-23,3,63.47
1291,1997-02-17,1,14.79
1292,1997-02-17,3,36.11
1292,1997-03-17,2,17.74
1292,1997-04-15,1,10.77
1292,1997-05-12,3,39.7
1292,1997-05-29,2,26.94
1292,1997-08-19,1,10.77
1292,1997-09-20,1,12.99
1292,1997-10-26,1,9.49
1292,1997-11-09,2,35.98
1292,1997-12-17,2,28.98
1292,1998-02-08,3,39.55
1292,1998-03-05,3,35.85
1292,1998-03-25,3,43.47
1292,1998-04-01,3,34.86
1292,1998-04-08,2,24.98
1292,1998-04-12,1,29.99
1292,1998-04-21,3,47.97
1292,1998-05-09,2,24.98
1292,1998-05-16,2,24.48
1292,1998-05-17,1,10.49
1292,1998-06-01,6,72.94
1292,1998-06-19,2,23.98
1293,1997-02-17,1,0
1294,1997-02-17,1,15.9
1294,1997-03-30,2,17.54
1295,1997-02-17,6,74.59
1295,1997-09-16,2,28.48
1295,1998-02-14,4,46.46
1296,1997-02-17,1,23.77
1296,1997-02-27,2,28.74
1296,1997-04-12,1,11.77
1296,1997-06-03,2,29.13
1296,1997-08-30,3,44.3
1296,1997-11-22,7,105.93
1296,1998-05-29,6,70.33
1296,1998-06-20,4,52.63
1297,1997-02-17,2,31.53
1297,1997-10-04,1,16.99
1297,1997-12-16,1,12.49
1298,1997-02-17,2,27.13
1298,1997-08-25,1,13.97
1298,1997-08-26,2,27.93
1298,1997-12-07,3,53.97
1298,1997-12-12,1,9.49
1298,1998-01-19,4,54.95
1298,1998-02-28,1,14.49
1299,1997-02-17,4,145.74
13,1997-01-01,2,29.53
13,1997-11-30,2,16.48
13,1997-12-13,3,36.97
13,1997-12-21,2,17.98
13,1997-12-24,3,36.97
13,1998-02-24,1,11.49
13,1998-03-18,1,11.88
13,1998-05-27,1,11.88
130,1997-01-07,1,12.77
130,1997-03-15,1,14.37
130,1997-06-19,2,28.74
130,1997-07-08,1,14.96
1300,1997-02-17,1,22.99
1300,1997-03-16,3,50.84
1300,1997-04-13,1,23.99
1300,1997-06-01,1,25.32
1300,1997-09-26,2,24.98
1301,1997-02-18,1,17.3
1302,1997-02-18,37,493.91
1303,1997-02-18,2,23.94
1304,1997-02-18,9,140.93
1305,1997-02-18,3,52.97
1305,1997-05-26,2,26.73
1305,1997-07-19,2,41.74
1306,1997-02-18,1,16.76
1307,1997-02-18,2,27.94
1307,1997-09-14,3,36.97
1308,1997-02-18,8,106.18
1309,1997-02-18,1,14.96
1309,1997-06-24,1,16.36
131,1997-01-07,4,49.87
131,1997-11-10,6,66.94
1310,1997-02-18,4,44.28
1310,1997-03-14,13,246.51
1310,1997-04-15,8,99.56
1311,1997-02-18,7,126.37
1312,1997-02-18,3,50.97
1313,1997-02-18,1,13.97
1313,1997-04-30,1,14.79
1313,1998-05-10,1,12.72
1314,1997-02-18,2,20.55
1315,1997-02-18,3,41.9
1316,1997-02-18,5,55.07
1316,1997-03-18,2,23.74
1316,1997-05-12,2,29.75
1316,1997-10-29,3,38.97
1316,1998-06-04,2,31.98
1317,1997-02-18,5,62.44
1317,1997-04-23,2,26.73
1318,1997-02-18,2,36.73
1319,1997-02-18,2,32.72
132,1997-01-07,1,27.99
132,1997-06-24,4,71.66
1320,1997-02-18,2,27.28
1320,1997-03-18,1,13.97
1320,1997-03-24,1,14.96
1320,1997-04-03,2,29.58
1321,1997-02-18,2,29.98
1322,1997-02-18,1,13.97
1323,1997-02-18,2,29.27
1324,1997-02-18,6,86.11
1325,1997-02-18,2,29.98
1326,1997-02-18,1,35.77
1327,1997-02-18,2,26.56
1327,1997-07-01,1,11.97
1327,1998-06-23,2,22.98
1328,1997-02-18,2,24.98
1328,1997-09-11,1,23.49
1328,1997-10-08,1,2.99
1328,1997-12-07,2,22.98
1328,1998-01-06,2,24.98
1328,1998-06-17,2,27.98
1329,1997-02-18,3,36.54
1329,1997-03-05,1,13.97
1329,1997-05-20,3,74.29
1329,1997-08-03,4,49.48
1329,1997-12-27,1,15.49
1329,1998-03-21,3,39.75
1329,1998-05-01,2,29.36
133,1997-01-07,1,13.7
133,1997-04-09,1,11.77
133,1997-07-25,1,15.96
133,1998-01-21,1,9.49
133,1998-03-05,1,11.49
133,1998-03-25,1,12.99
133,1998-06-03,1,12.58
133,1998-06-09,1,9.99
1330,1997-02-18,1,54.77
1330,1997-05-26,1,11.77
1330,1997-08-27,3,54.5
1330,1997-11-19,2,25.48
1330,1998-01-26,2,21.98
1331,1997-02-18,1,24.99
1332,1997-02-18,1,11.77
1333,1997-02-18,1,5.78
1334,1997-02-18,1,15.3
1334,1997-03-22,1,15.3
1335,1997-02-19,3,50.94
1336,1997-02-19,3,41.23
1337,1997-02-19,1,15.36
1338,1997-02-19,1,19.99
1338,1997-03-08,1,13.97
1338,1997-04-13,1,14.96
1338,1997-07-06,2,29.33
1338,1997-09-11,3,24.97
1338,1997-11-13,3,38.97
1339,1997-02-19,2,29.58
134,1997-01-07,1,8.77
134,1998-05-25,1,15.99
1340,1997-02-19,1,11.77
1340,1997-03-02,3,44.11
1341,1997-02-19,1,13.97
1341,1997-02-20,1,12.77
1341,1997-02-27,3,42.31
1341,1997-03-14,1,6.79
1342,1997-02-19,1,11.77
1343,1997-02-19,1,19.99
1344,1997-02-19,2,29.73
1344,1997-12-09,4,50.46
1344,1998-01-21,4,70.96
1345,1997-02-19,2,26.14
1346,1997-02-19,1,12.79
1347,1997-02-19,1,13.97
1348,1997-02-19,3,33.72
1348,1997-09-14,1,12.99
1348,1997-09-21,1,31.49
1348,1997-09-22,1,11.49
1348,1997-10-02,2,25.48
1348,1998-01-14,2,37.48
1348,1998-01-28,2,48.51
1348,1998-02-06,1,11.02
1349,1997-02-19,1,14.79
1349,1997-08-04,6,71.62
1349,1998-03-02,6,88.44
1349,1998-06-09,4,48.46
135,1997-01-07,2,35.36
135,1997-06-20,2,19.54
135,1997-12-08,4,44.96
135,1998-02-11,3,32.74
1350,1997-02-19,1,20.97
1351,1997-02-19,2,29.48
1351,1997-02-26,1,14.37
1352,1997-02-19,4,50.28
1352,1997-09-21,3,41.47
1352,1997-12-11,2,35.48
1352,1998-02-27,3,26.75
1352,1998-06-16,1,28.49
1353,1997-02-19,1,31.99
1353,1997-02-22,1,15.36
1353,1997-05-08,1,35.99
1354,1997-02-19,1,13.97
1354,1997-10-02,3,39.97
1355,1997-02-19,1,11.77
1355,1997-05-15,1,14.37
1355,1997-08-08,3,45.1
1355,1997-11-13,2,27.98
1355,1998-04-27,2,27.48
1355,1998-06-10,1,3.49
1356,1997-02-19,3,33.51
1356,1997-11-02,11,152.89
1356,1998-03-28,5,66.95
1357,1997-02-19,1,15.36
1357,1997-11-13,1,11.49
1358,1997-02-19,1,26
1359,1997-02-19,2,27.73
1359,1997-05-17,1,14.96
1359,1997-06-20,3,40.7
1359,1997-08-18,4,48.68
1359,1997-11-06,3,41.47
1359,1998-02-10,2,22.98
1359,1998-05-01,3,36.47
1359,1998-05-24,1,11.49
136,1997-01-07,2,44.98
136,1997-02-05,2,19.96
136,1997-02-28,1,26.99
1360,1997-02-19,1,14.79
1361,1997-02-19,1,11.77
1361,1997-09-21,1,12.99
1362,1997-02-19,1,37.97
1363,1997-02-19,1,14.37
1363,1997-07-04,1,11.77
1364,1997-02-19,1,14.37
1365,1997-02-20,16,218.49
1365,1997-03-02,7,120.47
1365,1997-03-04,1,13.97
1365,1997-03-05,3,44.73
1365,1997-04-05,5,59.48
1365,1997-06-26,6,60.56
1365,1997-06-29,2,33.74
1365,1997-07-08,2,42.15
1365,1997-08-10,8,112.14
1365,1997-09-22,6,65.44
1365,1997-10-15,8,85.42
1365,1997-10-21,3,37.47
1365,1997-12-15,1,12.99
1365,1997-12-29,5,80.95
1365,1998-01-01,1,13.99
1365,1998-01-10,1,38.49
1366,1997-02-20,2,28.93
1367,1997-02-20,1,13.97
1368,1997-02-20,1,12.49
1368,1997-03-23,4,62.58
1368,1997-04-03,2,29.92
1368,1997-04-15,1,14.37
1368,1997-04-20,7,106.32
1368,1998-02-05,3,42.36
1369,1997-02-20,1,15.96
137,1997-01-07,1,12.97
1370,1997-02-20,1,9.97
1370,1997-04-27,1,11.77
1370,1997-08-03,2,26.14
1371,1997-02-20,1,16.7
1372,1997-02-20,3,42.31
1372,1997-05-02,2,19.95
1372,1997-05-31,2,29.92
1372,1997-06-03,2,27.73
1372,1997-06-28,2,28.34
1372,1997-08-21,1,12.97
1372,1997-10-04,2,22.98
1372,1997-10-11,5,61.95
1372,1997-11-09,3,44.97
1372,1998-01-25,5,69.88
1372,1998-03-17,1,9.49
1372,1998-04-17,1,14.99
1372,1998-06-12,4,46.53
1373,1997-02-20,1,15.36
1374,1997-02-20,3,27.71
1375,1997-02-20,2,28.34
1375,1997-03-29,2,27.94
1376,1997-02-20,1,13.97
1377,1997-02-20,1,27.99
1378,1997-02-20,1,14.9
1378,1997-07-31,1,5.78
1379,1997-02-20,2,33.8
138,1997-01-07,1,14.99
138,1997-02-23,2,29.98
138,1997-05-05,5,73.62
138,1997-11-27,8,106.42
138,1998-03-19,3,30.4
138,1998-03-21,1,9.49
138,1998-05-05,7,97.95
1380,1997-02-20,4,81.96
1381,1997-02-20,1,15.9
1381,1997-05-08,2,29.92
1381,1997-05-13,3,38.5
1381,1998-04-15,1,9.49
1382,1997-02-20,1,12.99
1382,1997-11-10,1,15.49
1383,1997-02-20,1,10.99
1384,1997-02-20,4,58.28
1385,1997-02-20,1,11.77
1386,1997-02-20,1,15.76
1387,1997-02-20,7,107.13
1387,1997-02-22,1,18.76
1387,1997-03-02,1,19.99
1387,1997-08-16,5,70.83
1387,1997-09-20,3,35.97
1387,1998-01-01,1,3.49
1387,1998-03-05,4,62.96
1387,1998-03-23,3,54.97
1387,1998-06-27,3,51.36
1388,1997-02-20,2,21.56
1388,1997-03-27,5,42.1
1388,1997-10-22,1,22.49
1388,1998-03-18,2,18.98
1388,1998-05-30,5,37.65
1389,1997-02-20,1,16.99
139,1997-01-07,1,11.77
139,1997-01-22,2,29.33
1390,1997-02-21,3,72.5
1391,1997-02-21,2,21.56
1391,1997-02-28,2,21.74
1392,1997-02-21,2,23.54
1392,1997-02-23,2,20.54
1392,1997-04-04,3,37.51
1392,1997-04-18,1,14.96
1392,1997-06-02,2,29.42
1392,1997-07-31,2,11.56
1393,1997-02-21,1,24.37
1394,1997-02-21,1,12.49
1395,1997-02-21,3,35.31
1396,1997-02-21,3,67.7
1396,1997-04-15,5,93.84
1397,1997-02-21,2,28.34
1398,1997-02-21,3,37.51
1398,1997-05-10,2,25.54
1398,1997-10-22,3,39.47
1398,1998-06-04,1,15.49
1399,1997-02-21,1,11.77
14,1997-01-01,3,43.7
140,1997-01-07,1,11.77
140,1997-04-27,2,23.54
1400,1997-02-21,2,27.94
1400,1997-04-18,1,15.36
1401,1997-02-21,1,15.96
1402,1997-02-21,2,21.74
1402,1997-04-08,2,23.94
1403,1997-02-21,1,14.99
1404,1997-02-21,1,12.49
1405,1997-02-21,1,14.79
1406,1997-02-21,1,35.99
1407,1997-02-21,1,13.97
1407,1997-02-27,1,29.37
1408,1997-02-21,1,9.97
1408,1997-03-25,1,9.99
1408,1997-07-13,1,15.96
1408,1997-09-06,1,10.77
1408,1997-11-27,1,11.49
1408,1997-11-30,1,27.99
1408,1997-12-12,1,12.99
1409,1997-02-21,1,14.99
141,1997-01-07,7,79.99
1410,1997-02-21,1,11.77
1411,1997-02-21,1,20.78
1411,1997-03-07,1,15.96
1411,1997-05-30,1,8.97
1412,1997-02-21,1,9.98
1413,1997-02-21,1,14.79
1413,1997-02-26,1,15.36
1413,1997-03-08,1,13.97
1413,1997-03-16,1,17.9
1413,1997-04-09,1,14.96
1413,1997-04-29,3,41.31
1413,1997-05-15,1,12.25
1413,1997-06-03,1,15.36
1413,1997-06-10,1,15.36
1413,1997-06-14,1,19.77
1413,1997-06-24,1,13.97
1413,1997-07-29,2,22.15
1413,1997-09-06,1,15.36
1413,1997-09-14,2,26.98
1413,1997-09-21,1,21.49
1413,1997-11-10,1,15.49
1413,1997-12-08,4,62.96
1413,1998-01-11,1,9.49
1413,1998-02-01,1,11.99
1413,1998-02-05,1,15.49
1413,1998-03-08,1,29.99
1414,1997-02-21,3,179.71
1414,1997-03-19,1,151.77
1414,1997-03-24,1,23.99
1414,1997-04-01,3,42.13
1414,1997-06-19,1,151.77
1414,1997-10-23,1,65.99
1414,1997-12-11,4,54.96
1414,1998-01-18,2,25.48
1414,1998-02-07,1,61.99
1415,1997-02-22,1,12.77
1416,1997-02-22,2,29.98
1417,1997-02-22,1,12.49
1418,1997-02-22,1,11.77
1418,1998-04-29,4,44.74
1418,1998-04-30,3,57.47
1418,1998-05-14,4,57.85
1418,1998-06-08,3,41.4
1419,1997-02-22,1,14.37
142,1997-01-07,2,59.98
142,1997-01-08,2,27.14
142,1997-01-09,4,51.66
142,1997-02-06,1,12.97
142,1997-02-07,2,26.14
142,1997-02-24,3,59.97
142,1998-01-08,1,13.99
142,1998-02-04,2,22.98
1420,1997-02-22,1,17.76
1421,1997-02-22,1,15.36
1421,1997-03-06,1,19.95
1421,1997-09-21,1,2.99
1421,1997-10-10,2,28.98
1421,1997-11-19,1,9.49
1421,1997-12-05,2,25.98
1422,1997-02-22,3,41.1
1423,1997-02-22,1,8.97
1423,1998-03-21,2,24.46
1424,1997-02-22,1,9.77
1424,1997-04-08,1,5.98
1424,1997-08-14,1,14.79
1424,1998-05-11,6,91.94
1425,1997-02-22,2,23.54
1426,1997-02-22,2,35.94
1426,1997-04-06,3,43.55
1426,1997-05-18,1,14.96
1426,1997-07-03,1,22.77
1427,1997-02-22,7,100.59
1428,1997-02-22,1,12.77
1428,1997-03-10,1,29.99
1428,1997-04-07,1,9.98
1429,1997-02-22,1,22.7
143,1997-01-07,2,26.73
143,1997-01-24,1,14.96
143,1997-07-26,1,15.36
1430,1997-02-22,2,18.54
1431,1997-02-22,1,19.77
1431,1997-03-04,1,14.96
1431,1998-03-02,4,50.05
1431,1998-03-07,4,57.74
1432,1997-02-22,1,13.97
1432,1997-09-02,1,12.25
1432,1997-11-24,1,15.49
1433,1997-02-22,1,49.37
1433,1997-02-23,2,23.74
1433,1997-03-02,2,29.13
1433,1997-04-17,1,16.36
1433,1997-05-01,3,42.13
1433,1997-05-22,3,31.31
1433,1997-07-09,2,27.76
1433,1998-02-03,1,21.49
1434,1997-02-22,1,17.76
1434,1997-08-24,1,13.97
1434,1998-02-08,1,17.99
1435,1997-02-22,4,47.68
1435,1997-03-21,4,45.07
1435,1997-04-20,3,42.3
1435,1997-05-04,3,43.3
1435,1997-05-19,2,20.74
1435,1997-05-31,2,29.33
1435,1997-06-29,3,43.7
1436,1997-02-22,5,79.94
1436,1998-05-11,1,26.99
1436,1998-06-11,1,9.99
1437,1997-02-22,2,29.33
1437,1997-03-13,1,14.96
1437,1997-11-24,3,38.47
1437,1997-11-28,4,33.96
1438,1997-02-22,1,41.99
1438,1997-03-11,1,14.37
1438,1997-04-15,1,11.77
1439,1997-02-22,4,53.46
1439,1998-03-05,4,40.46
1439,1998-05-01,2,27.48
144,1997-01-07,1,174.99
144,1997-01-21,2,45.35
144,1997-02-21,1,17.9
144,1997-02-28,1,15.7
144,1997-05-13,2,26.73
144,1997-07-29,1,31.03
144,1997-08-14,1,17.95
144,1997-09-03,1,5.78
144,1997-10-20,1,29.99
144,1997-10-21,1,11.49
144,1997-11-12,1,25.49
144,1998-02-12,1,14.49
144,1998-06-09,1,29.99
1440,1997-02-22,2,38.34
1441,1997-02-22,1,13.99
1441,1997-07-02,2,27.94
1441,1997-07-30,3,45.68
1441,1998-04-05,3,34.47
1441,1998-06-22,3,28.47
1442,1997-02-22,3,47.08
1442,1997-07-30,4,78.52
1442,1998-06-03,2,24.48
1443,1997-02-22,2,33.14
1444,1997-02-22,3,38.31
1444,1997-06-30,1,13.77
1444,1997-07-22,4,50.27
1445,1997-02-22,1,12.77
1445,1997-09-28,1,15.49
1445,1997-10-04,2,35.98
1445,1997-10-05,1,13.99
1446,1997-02-22,3,42.9
1447,1997-02-23,4,55.07
1447,1997-05-01,1,29.99
1447,1997-11-11,7,88.93
1447,1997-12-22,8,99.92
1447,1998-03-08,8,104.2
1448,1997-02-23,2,42.13
1449,1997-02-23,2,25.34
1449,1997-05-03,2,26.54
1449,1997-07-20,2,27.94
145,1997-01-07,1,14.96
145,1997-01-22,1,14.96
145,1997-09-14,1,22.99
1450,1997-02-23,2,21.54
1451,1997-02-23,1,10.77
1452,1997-02-23,2,21.54
1452,1997-04-17,2,24.74
1452,1997-04-30,2,33.96
1452,1997-06-25,2,28.13
1452,1997-11-27,1,9.49
1453,1997-02-23,2,39.93
1453,1998-04-09,2,20.98
1454,1997-02-23,2,25.34
1455,1997-02-23,1,11.77
1456,1997-02-23,1,17.76
1457,1997-02-23,1,11.77
1458,1997-02-23,40,506.97
1459,1997-02-23,1,4.79
1459,1998-03-06,1,12.58
1459,1998-04-12,1,7.69
146,1997-01-07,5,70.42
1460,1997-02-23,2,22.75
1460,1997-03-03,1,15.36
1460,1997-04-08,7,90.2
1460,1997-04-18,4,58.07
1460,1997-05-26,1,12.25
1460,1997-12-09,1,15.49
1461,1997-02-23,1,19.99
1462,1997-02-23,1,49.97
1462,1997-03-03,1,36.97
1462,1997-04-23,3,39.95
1462,1997-07-11,3,29.32
1462,1997-07-14,2,23.54
1462,1998-03-11,1,11.88
1463,1997-02-23,1,6.79
1464,1997-02-23,1,11.77
1464,1997-04-06,2,28.74
1464,1998-02-12,1,14.49
1464,1998-03-29,5,49.45
1465,1997-02-23,2,29.73
1466,1997-02-23,1,10.78
1467,1997-02-23,10,140.68
1467,1997-02-25,3,43.51
1467,1997-03-05,4,57.87
1467,1997-04-10,6,85.21
1467,1997-06-03,8,114.73
1467,1997-09-15,10,134.9
1467,1997-10-05,8,120.42
1467,1998-02-16,18,253.09
1467,1998-05-04,16,215.32
1468,1997-02-23,1,11.77
1469,1997-02-23,9,122.33
1469,1997-03-24,7,100.96
1469,1997-08-30,4,58.66
1469,1998-04-24,1,29.49
147,1997-01-07,1,13.97
147,1997-02-07,1,14.39
147,1997-05-15,2,41.95
147,1997-07-05,2,43.57
147,1997-07-31,2,19.54
147,1997-12-11,1,14.99
1470,1997-02-23,2,29.92
1470,1998-06-26,2,30.98
1471,1997-02-24,2,39.54
1471,1997-06-24,1,19.77
1471,1998-02-21,8,114.1
1471,1998-02-26,1,44.08
1472,1997-02-24,2,32.33
1473,1997-02-24,6,90.37
1473,1997-03-27,2,29.33
1473,1997-04-21,2,26.73
1473,1997-06-03,2,17.73
1473,1997-07-06,2,24.14
1473,1997-08-31,2,26.73
1473,1997-12-21,3,44.97
1473,1998-02-27,2,23.76
1473,1998-03-02,1,15.49
1473,1998-03-11,2,21.37
1473,1998-03-25,2,24.48
1474,1997-02-24,1,15.36
1475,1997-02-24,2,34.6
1475,1997-03-12,1,17.3
1476,1997-02-24,3,46.08
1476,1997-08-14,4,56.46
1476,1997-08-27,3,51.62
1476,1998-04-17,5,88.14
1477,1997-02-24,3,42.49
1478,1997-02-24,7,101.76
1478,1997-04-03,8,121.15
1478,1997-05-21,5,66.44
1478,1997-10-27,4,53.96
1478,1997-11-21,4,96.46
1478,1998-01-07,10,163.9
1478,1998-01-13,1,9.99
1478,1998-04-03,4,53.96
1479,1997-02-24,1,11.77
1479,1997-02-26,1,17.3
1479,1997-07-08,1,14.96
148,1997-01-07,1,9.98
148,1997-01-17,3,44.32
148,1997-01-27,1,39.47
148,1997-03-05,2,73.98
148,1997-03-19,1,7.98
148,1997-03-24,1,12.77
148,1997-04-10,1,29.95
148,1997-08-05,3,30.54
148,1997-08-19,2,29.95
148,1997-08-25,3,17.37
148,1997-08-26,2,26.73
148,1997-09-11,1,12.99
148,1997-09-17,8,43.92
148,1997-09-29,1,11.49
148,1997-10-06,2,24.48
148,1997-10-28,1,20.99
148,1997-12-09,2,27.98
148,1998-03-10,3,37.17
148,1998-03-13,2,33.98
1480,1997-02-24,2,29.92
1481,1997-02-24,4,51.43
1482,1997-02-24,2,24.73
1482,1997-06-21,1,11.77
1482,1998-05-15,1,11.49
1482,1998-06-03,1,37.99
1483,1997-02-24,1,38.99
1484,1997-02-24,1,12.97
1485,1997-02-24,2,30.72
1486,1997-02-24,2,43.35
1487,1997-02-24,1,13.97
1488,1997-02-24,2,27.94
1489,1997-02-24,1,14.37
1489,1997-08-26,4,52.87
149,1997-01-07,1,13.97
149,1997-12-09,2,25.98
149,1998-01-30,2,28.48
149,1998-02-20,3,35.47
149,1998-04-19,2,34.21
149,1998-04-28,1,15.99
1490,1997-02-24,1,25.77
1490,1997-03-16,2,28.34
1490,1997-03-31,2,29.33
1491,1997-02-24,1,15.36
1492,1997-02-24,1,11.77
1492,1998-02-03,1,9.49
1492,1998-05-10,2,26.98
1493,1997-02-24,1,19.77
1494,1997-02-24,5,61.25
1495,1997-02-24,3,40.1
1495,1997-03-09,1,15.76
1495,1997-04-21,3,34.33
1495,1997-07-29,4,50.1
1496,1997-02-24,1,14.96
1496,1998-05-29,1,29.99
1496,1998-06-11,1,12.99
1497,1997-02-24,2,25.14
1497,1997-03-31,2,31.52
1497,1997-06-01,1,15.76
1497,1997-06-30,2,31.52
1497,1997-07-28,1,9.79
1498,1997-02-24,2,32.32
1499,1997-02-24,1,20.97
1499,1997-03-10,1,13.97
15,1997-01-01,1,15.76
150,1997-01-07,4,46.48
150,1997-01-22,3,35.31
150,1997-02-03,2,26.14
150,1997-07-31,2,28.93
150,1997-08-26,2,23.74
150,1997-11-14,2,22.48
150,1997-11-24,1,12.99
1500,1997-02-24,1,19.99
1501,1997-02-24,1,12.79
1502,1997-02-24,1,19.97
1502,1997-07-14,1,23.88
1502,1997-08-20,8,121.05
1502,1997-08-24,9,146.37
1502,1997-11-09,3,54.47
1502,1997-11-12,7,120.43
1502,1997-12-17,1,15.49
1502,1998-04-25,6,65.89
1502,1998-05-31,5,76.53
1502,1998-06-28,2,25.48
1503,1997-02-24,3,35.31
1503,1997-03-18,4,49.27
1504,1997-02-24,4,56.29
1505,1997-02-24,4,59.25
1505,1997-04-28,8,111.53
1505,1997-08-19,6,89.17
1505,1997-11-06,2,25.98
1505,1998-03-30,6,77.64
1506,1997-02-24,1,5.78
1507,1997-02-24,1,9.98
1507,1997-03-20,2,23.95
1507,1997-03-24,1,9.77
1508,1997-02-25,2,23.54
1508,1997-05-09,2,31.13
1509,1997-02-25,1,13.97
151,1997-01-07,1,11.77
151,1997-02-23,4,59.84
151,1997-07-14,1,14.79
151,1997-09-08,1,10.77
151,1997-09-11,1,14.37
1510,1997-02-25,2,21.28
1510,1998-03-31,8,73.42
1511,1997-02-25,3,37.26
1512,1997-02-25,5,77.04
1512,1997-04-01,6,73.81
1512,1997-04-21,5,83.44
1512,1997-04-30,6,84.64
1512,1997-07-08,5,89.43
1512,1997-10-28,3,110.97
1512,1998-05-01,5,68.95
1512,1998-05-29,1,59.47
1513,1997-02-25,1,12.77
1514,1997-02-25,1,19.99
1514,1998-05-29,3,59.46
1515,1997-02-25,1,14.96
1516,1997-02-25,1,11.77
1516,1997-02-28,5,65.85
1516,1997-03-29,5,58.25
1516,1997-06-09,2,28.34
1516,1997-06-11,2,25.14
1516,1997-07-02,1,11.77
1516,1997-07-05,1,10.77
1516,1997-07-11,2,24.14
1516,1997-07-21,3,35.31
1516,1997-07-22,4,57.19
1516,1997-07-24,14,192.57
1516,1997-07-26,2,23.54
1516,1997-07-30,6,88.02
1516,1997-08-02,3,43.3
1516,1997-08-08,5,75.44
1516,1997-08-10,2,25.74
1516,1997-08-12,2,26.14
1516,1997-08-18,1,28.3
1516,1997-08-20,2,29.73
1516,1997-08-22,1,9.97
1516,1997-09-06,3,30.31
1516,1997-09-10,1,11.49
1516,1997-09-14,2,26.48
1516,1997-09-16,1,21.49
1516,1997-09-17,2,32.48
1516,1997-09-21,2,28.48
1516,1997-09-29,2,28.98
1516,1997-10-15,1,11.49
1516,1997-10-21,1,14.99
1516,1997-10-24,3,38.47
1516,1997-10-30,1,17.99
1516,1997-11-07,1,14.49
1516,1997-11-15,1,9.49
1516,1997-12-13,4,50.96
1516,1997-12-21,1,12.99
1516,1998-01-21,2,22.98
1516,1998-01-30,3,35.97
1516,1998-03-02,2,37.98
1516,1998-04-26,1,14.42
1516,1998-05-10,2,26.98
1516,1998-05-26,6,92.94
1516,1998-06-10,2,26.98
1517,1997-02-25,2,30.13
1517,1997-09-27,1,11.49
1518,1997-02-25,6,129.82
1518,1997-03-11,1,15.36
1518,1997-03-26,2,28.34
1518,1997-04-02,3,38.71
1518,1997-04-13,3,37.53
1518,1997-04-16,7,109.82
1518,1997-08-27,1,15.36
1518,1997-10-07,1,9.49
1519,1997-02-25,2,11.58
152,1997-01-07,1,30.97
1520,1997-02-25,1,14.37
1521,1997-02-25,2,26.67
1521,1997-04-24,1,14.9
1522,1997-02-25,3,59.69
1523,1997-02-25,1,14.96
1524,1997-02-25,1,36.37
1525,1997-02-25,2,23.98
1525,1997-09-06,1,11.77
1525,1997-09-27,2,23.48
1525,1997-12-03,2,26.98
1525,1998-03-07,2,26.48
1526,1997-02-25,1,11.77
1527,1997-02-25,1,14.37
1527,1997-10-22,1,12.99
1528,1997-02-25,1,11.77
1529,1997-02-25,4,46.08
1529,1997-03-04,5,84.85
1529,1997-03-08,4,51.48
153,1997-01-07,1,11.77
1530,1997-02-25,1,14.37
1531,1997-02-25,2,27.13
1532,1997-02-25,1,11.77
1532,1997-06-27,2,26.94
1533,1997-02-25,2,28.74
1533,1997-04-21,1,15.99
1533,1997-07-13,2,29.92
1533,1998-01-19,1,11.88
1533,1998-02-23,3,45.47
1533,1998-04-04,1,13.99
1533,1998-06-27,1,51.08
1534,1997-02-25,1,11.99
1535,1997-02-25,2,31.76
1535,1997-09-18,2,10.48
1536,1997-02-25,1,9.77
1537,1997-02-25,1,30.99
1538,1997-02-25,3,37.47
1539,1997-02-26,2,32.76
1539,1997-03-08,1,14.96
1539,1997-03-21,1,29.99
1539,1997-03-24,3,41.1
1539,1997-04-09,1,14.96
1539,1997-04-30,1,5.78
1539,1997-05-18,1,24.95
1539,1997-05-27,2,17.76
1539,1997-06-14,1,7.13
1539,1997-06-16,1,14.96
1539,1997-07-05,1,13.97
1539,1997-07-26,2,12.55
1539,1997-08-09,2,28.13
1539,1997-08-24,2,15.56
1539,1997-09-23,1,11.99
1539,1997-10-19,2,27.98
1539,1997-10-26,2,39.98
1539,1997-11-24,1,17.99
1539,1998-02-08,1,12.99
1539,1998-04-15,1,11.88
1539,1998-04-19,1,28.49
1539,1998-04-22,1,38.99
1539,1998-06-18,1,12.99
1539,1998-06-19,1,39.49
154,1997-01-07,1,15.36
154,1997-01-27,1,16.7
1540,1997-02-26,2,64.74
1541,1997-02-26,1,11.77
1541,1997-03-17,1,14.79
1541,1998-01-24,1,11.49
1542,1997-02-26,5,65.04
1543,1997-02-26,11,97.63
1543,1997-03-26,1,9.98
1543,1997-04-03,3,25.15
1544,1997-02-26,2,30.32
1544,1997-04-02,2,37.73
1544,1997-05-08,3,36.5
1544,1997-05-29,2,29.33
1544,1997-08-23,1,14.37
1544,1997-12-30,2,35.48
1544,1998-05-23,1,11.88
1545,1997-02-26,1,17
1546,1997-02-26,1,14.96
1546,1997-03-17,1,11.77
1547,1997-02-26,7,105.61
1547,1997-03-26,3,51.11
1547,1997-05-14,3,51.11
1547,1997-07-01,5,70.62
1547,1997-07-24,2,37.14
1547,1997-08-27,1,122.37
1547,1997-09-19,4,70.46
1548,1997-02-26,2,36.77
1549,1997-02-26,2,24.26
1549,1997-11-11,2,25.48
155,1997-01-07,1,0
1550,1997-02-26,3,39.11
1550,1997-02-27,1,15.36
1551,1997-02-26,1,14.96
1551,1997-03-18,1,11.97
1551,1997-04-25,1,13.77
1551,1997-08-27,1,21
1551,1997-10-24,1,11.49
1551,1997-11-12,1,11.49
1551,1998-05-17,2,29.48
1552,1997-02-26,1,19.77
1552,1997-03-13,1,13.97
1552,1998-04-08,1,12.58
1553,1997-02-26,1,14.96
1554,1997-02-26,1,10.77
1554,1998-03-09,1,11.49
1555,1997-02-26,1,14.96
1555,1997-11-21,1,18.49
1556,1997-02-26,1,9.98
1557,1997-02-26,3,34.71
1557,1997-06-20,3,50.48
1557,1997-10-29,2,22.98
1557,1997-11-16,1,11.49
1557,1998-04-06,1,14.99
1558,1997-02-26,1,11.77
1558,1997-03-14,1,11.97
1559,1997-02-26,1,17.36
156,1997-01-07,1,11.77
156,1997-02-21,2,34.32
1560,1997-02-26,25,421.73
1560,1997-03-06,3,54.97
1560,1997-03-18,1,17.9
1560,1997-03-20,2,34.98
1560,1997-03-27,9,179.91
1560,1997-03-30,13,192.65
1560,1997-04-06,8,149.92
1560,1997-04-16,6,119.94
1560,1997-09-15,11,189.39
1560,1997-10-09,3,56.47
1560,1998-05-11,4,57.46
1560,1998-05-28,3,53.47
1560,1998-06-23,1,19.49
1561,1997-02-26,1,15.36
1562,1997-02-26,1,5.96
1563,1997-02-26,1,21.97
1564,1997-02-26,1,14.96
1565,1997-02-26,1,5.78
1566,1997-02-26,1,13.97
1567,1997-02-26,1,10.77
1567,1997-02-27,1,14.96
1567,1997-08-22,1,10.97
1567,1997-08-26,2,27.73
1567,1997-10-28,2,34.48
1568,1997-02-26,1,55.97
1569,1997-02-26,3,56.5
1569,1997-04-05,2,27.34
157,1997-01-07,1,11.99
157,1997-01-10,1,9.97
157,1997-01-14,1,13.97
157,1997-01-19,3,46.08
157,1997-01-22,1,5.99
157,1997-01-29,2,27.94
157,1997-02-03,2,23.98
157,1997-02-15,4,55.47
157,1997-03-14,1,14.99
157,1997-03-20,1,14.96
157,1997-04-02,1,14.96
157,1997-04-04,5,72.44
157,1997-04-08,2,27.94
157,1997-04-18,2,26.93
157,1997-04-20,1,14.96
157,1997-05-04,1,12.77
157,1997-05-08,1,14.96
157,1997-05-15,1,12.77
157,1997-06-02,3,41.69
157,1997-06-27,2,29.92
157,1997-07-06,1,15.36
157,1997-07-22,1,15.96
157,1997-07-31,1,14.96
157,1997-08-03,1,14.96
157,1997-08-20,2,29.92
157,1997-09-06,1,15.36
157,1997-09-11,3,39.97
157,1997-09-16,2,25.98
157,1997-09-27,4,57.96
157,1997-09-28,4,48.46
157,1997-10-07,1,12.49
157,1997-10-25,3,39.97
157,1997-11-02,1,12.99
157,1997-11-23,1,13.99
157,1997-11-25,3,37.47
157,1997-12-17,1,12.99
157,1997-12-18,2,25.98
157,1997-12-24,1,12.99
157,1998-01-02,1,12.99
157,1998-01-27,1,14.99
157,1998-03-10,2,42.98
157,1998-04-12,1,11.88
157,1998-05-17,3,60.45
157,1998-06-11,4,37.96
1570,1997-02-26,1,11.77
1571,1997-02-26,1,15.36
1572,1997-02-26,2,29.66
1572,1997-03-09,1,15.96
1572,1997-06-21,1,12.25
1572,1997-09-26,3,38.97
1572,1997-10-21,3,42.97
1572,1998-02-06,1,11.49
1572,1998-02-18,1,12.99
1573,1997-02-26,1,11.77
1573,1997-10-11,3,35.97
1573,1998-01-19,2,24.48
1574,1997-02-26,1,14.37
1574,1997-03-06,1,14.37
1575,1997-02-27,3,27.53
1575,1997-05-13,1,7.98
1576,1997-02-27,1,20.99
1576,1997-03-20,1,20.99
1577,1997-02-27,1,16.96
1577,1997-07-31,2,29.92
1578,1997-02-27,2,17.88
1579,1997-02-27,6,100.42
1579,1997-03-26,1,16.36
158,1997-01-08,1,14.37
1580,1997-02-27,3,40.05
1580,1997-03-04,1,14.96
1580,1997-03-06,1,13.97
1580,1997-04-25,1,12.77
1580,1997-04-28,1,14.96
1580,1997-04-30,1,12.77
1580,1997-05-13,1,14.37
1580,1997-05-16,2,47.41
1580,1997-05-19,1,32.45
1580,1997-05-22,4,56.46
1580,1997-10-03,4,81.96
1580,1997-10-25,5,71.45
1580,1997-10-27,5,64.45
1580,1998-04-16,12,168.15
1581,1997-02-27,1,13.97
1582,1997-02-27,1,17.9
1583,1997-02-27,2,29.33
1583,1997-04-19,1,14.96
1583,1997-06-11,2,27.94
1583,1997-08-31,3,41.69
1583,1997-12-05,1,14.49
1584,1997-02-27,3,44.98
1584,1997-11-30,4,57.96
1585,1997-02-27,2,26.74
1586,1997-02-27,2,29.13
1587,1997-02-27,3,46.68
1588,1997-02-27,3,38.51
1588,1997-04-21,2,26.74
1589,1997-02-27,1,13.97
159,1997-01-08,2,30.36
159,1997-01-09,4,59.06
159,1997-01-28,3,50.97
159,1997-06-30,2,29.73
1590,1997-02-27,1,13.97
1591,1997-02-27,1,15.96
1592,1997-02-27,1,10.78
1593,1997-02-27,1,9.97
1593,1997-03-13,1,9.97
1594,1997-02-27,3,40.11
1595,1997-02-27,2,28.93
1595,1997-03-19,1,15.36
1595,1997-03-27,2,29.92
1596,1997-02-27,1,11.77
1596,1997-12-07,4,53.96
1597,1997-02-27,4,52.1
1597,1997-03-08,3,37.91
1597,1997-04-05,4,54.9
1597,1997-04-14,3,52.51
1597,1997-07-19,5,91.88
1597,1997-12-04,6,80.94
1597,1998-05-11,4,57.85
1598,1997-02-27,4,64.92
1598,1997-08-21,14,186.26
1599,1997-02-27,1,12.49
16,1997-01-01,1,12.49
160,1997-01-08,2,31.54
1600,1997-02-27,3,31.05
1601,1997-02-27,1,11.77
1601,1998-04-15,2,24.87
1602,1997-02-27,2,20.54
1603,1997-02-27,1,13.97
1604,1997-02-27,2,24.13
1605,1997-02-27,4,70.14
1605,1997-03-02,4,104.96
1605,1997-07-27,4,69.96
1606,1997-02-27,1,10.77
1607,1997-02-27,1,15.96
1607,1997-08-19,1,14.96
1607,1998-06-21,2,26.48
1608,1997-02-27,1,11.77
1608,1997-09-27,1,12.99
1608,1997-10-04,1,6.49
1608,1998-03-17,2,23.07
1608,1998-04-04,2,27.48
1609,1997-02-28,1,12.77
1609,1997-06-11,1,12.77
161,1997-01-08,4,63.93
161,1998-06-09,1,14.49
1610,1997-02-28,3,28.52
1611,1997-02-28,1,19.99
1611,1997-03-07,1,23.99
1611,1997-05-14,1,14.79
1611,1997-07-01,2,26.13
1612,1997-02-28,1,13.97
1612,1997-03-13,1,14.37
1612,1997-04-11,1,14.96
1613,1997-02-28,4,50.68
1614,1997-02-28,26,396.95
1614,1997-03-07,1,27.77
1614,1997-09-10,1,14.49
1615,1997-02-28,1,16.36
1615,1997-06-13,5,61.67
1615,1997-06-23,1,15.36
1615,1997-07-27,5,65.8
1615,1997-07-30,3,39.5
1615,1997-09-15,1,17.49
1615,1997-12-14,2,38.98
1615,1998-01-14,2,57.48
1615,1998-04-30,8,112.92
1616,1997-02-28,4,100.34
1617,1997-02-28,1,12.9
1617,1997-06-24,1,15.96
1617,1998-02-08,3,33.97
1618,1997-02-28,3,80.31
1619,1997-02-28,2,19.96
162,1997-01-08,2,26.14
162,1997-01-22,3,46.28
1620,1997-02-28,1,11.77
1620,1997-03-12,1,10.77
1621,1997-02-28,2,40.76
1621,1997-08-28,1,19.55
1621,1998-06-09,2,29.98
1622,1997-02-28,3,37.51
1623,1997-02-28,3,37.51
1623,1998-03-07,3,38.86
1623,1998-03-13,4,64.46
1623,1998-03-15,1,11.88
1623,1998-05-01,1,21.49
1623,1998-05-12,1,21.49
1624,1997-02-28,3,49.7
1625,1997-02-28,2,35.78
1626,1997-02-28,1,11.77
1626,1997-03-23,3,48.36
1626,1997-12-24,3,34.47
1627,1997-02-28,4,52.27
1628,1997-02-28,1,8.79
1628,1997-04-14,3,42.1
1628,1997-07-02,1,10.77
1628,1997-08-07,3,37.51
1628,1997-08-11,2,25.74
1628,1997-08-28,2,27.93
1628,1997-10-09,2,19.98
1628,1997-10-30,3,43.47
1628,1997-11-07,2,23.98
1628,1997-11-22,4,59.96
1628,1997-12-17,2,30.98
1628,1998-01-13,5,56.95
1628,1998-01-30,3,50.97
1628,1998-03-13,5,59.95
1628,1998-05-21,2,17.98
1628,1998-06-01,3,30.97
1629,1997-02-28,1,14.37
1629,1997-09-13,6,60.44
163,1997-01-08,1,73.3
1630,1997-02-28,2,28.93
1630,1997-10-02,2,19.98
1630,1997-10-13,3,35.97
1630,1997-11-05,3,41.97
1631,1997-02-28,1,5.99
1631,1997-04-09,1,12.49
1632,1997-02-28,1,11.77
1633,1997-02-28,1,9.97
1633,1997-03-06,2,13.54
1633,1997-06-03,1,11.77
1633,1997-07-28,5,118.23
1633,1997-09-03,1,13.97
1633,1997-10-13,1,12.99
1633,1997-12-09,1,13.99
1633,1997-12-19,1,9.49
1633,1997-12-24,2,23.98
1633,1998-01-16,3,24.47
1633,1998-03-06,2,25.98
1633,1998-04-08,1,11.49
1633,1998-05-01,2,25.57
1633,1998-06-11,4,48.05
1634,1997-02-28,2,23.74
1635,1997-02-28,5,55.65
1636,1997-02-28,1,7.98
1637,1997-02-28,1,13.97
1638,1997-02-28,1,10.77
1639,1997-03-01,1,11.77
1639,1997-05-04,1,13.97
1639,1997-05-19,1,10.77
1639,1997-06-15,3,42.31
1639,1997-07-31,3,42.31
1639,1997-10-26,6,80.94
164,1997-01-08,1,17.7
164,1997-01-25,10,139.7
164,1997-03-25,6,78.22
164,1997-04-14,4,52.68
164,1997-06-24,3,40.7
164,1997-07-14,5,69.63
164,1997-07-15,2,26.74
164,1997-07-22,4,57.45
164,1997-08-25,6,72.82
164,1997-09-04,4,49.48
164,1997-09-24,3,36.97
164,1997-10-22,5,72.95
164,1998-01-06,2,24.48
164,1998-01-07,4,107.96
164,1998-02-05,2,29.06
164,1998-03-24,1,8.49
164,1998-04-06,2,26.48
1640,1997-03-01,3,36.1
1640,1997-05-05,3,37.1
1640,1997-05-12,3,41.69
1640,1997-05-29,3,45.29
1640,1997-12-05,15,203.85
1640,1998-01-09,1,9.49
1640,1998-03-26,2,14.98
1641,1997-03-01,1,18.36
1642,1997-03-01,3,37.31
1643,1997-03-01,6,83.2
1644,1997-03-01,1,12.77
1644,1997-06-30,1,33.86
1645,1997-03-01,1,17.3
1645,1998-05-06,1,15.49
1646,1997-03-01,2,36.94
1646,1997-03-24,3,38.31
1647,1997-03-01,3,33.53
1647,1998-02-18,3,34.97
1648,1997-03-01,3,40.5
1648,1997-04-02,2,28.93
1648,1997-05-02,1,11.77
1648,1997-12-16,2,25.98
1648,1998-01-31,3,41.97
1649,1997-03-01,2,33.27
165,1997-01-08,4,53.72
1650,1997-03-01,2,25.54
1651,1997-03-01,1,12.49
1652,1997-03-01,1,8.77
1652,1997-03-09,1,9.77
1652,1997-08-19,1,15.36
1653,1997-03-01,2,22.54
1653,1997-04-01,3,32.31
1653,1997-05-04,2,29.33
1653,1997-06-19,1,11.77
1653,1997-07-25,1,21.37
1653,1997-11-08,2,27.98
1653,1997-11-17,1,5.49
1654,1997-03-01,1,20.97
1655,1997-03-01,1,15.76
1656,1997-03-01,6,97.21
1657,1997-03-01,1,15.36
1658,1997-03-01,2,44.34
1658,1997-06-10,2,29.93
1658,1997-07-16,3,47.52
1659,1997-03-01,1,21.99
166,1997-01-08,3,49.08
166,1998-01-29,4,51.96
1660,1997-03-01,2,35.34
1661,1997-03-01,2,22.74
1662,1997-03-01,1,23.99
1662,1997-06-27,1,14.96
1662,1997-10-21,3,35.47
1662,1997-12-02,5,56.45
1662,1998-03-16,2,28.98
1662,1998-03-23,3,45.97
1663,1997-03-01,1,12.49
1664,1997-03-01,2,30.76
1664,1997-04-12,2,24.73
1664,1998-03-14,2,26.87
1664,1998-05-11,1,11.88
1665,1997-03-02,2,32.33
1665,1997-04-01,1,18.36
1665,1997-11-25,1,18.99
1666,1997-03-02,3,46.28
1667,1997-03-02,2,63.69
1668,1997-03-02,2,29.73
1668,1997-04-28,3,41.5
1668,1997-06-03,1,10.77
1668,1997-06-28,2,10.76
1668,1997-11-30,3,39.47
1668,1998-03-28,2,30.98
1668,1998-06-19,3,34.97
1669,1997-03-02,3,45.28
1669,1997-06-11,2,29.92
1669,1997-08-31,1,13.97
1669,1997-09-30,2,25.98
1669,1997-11-19,4,54.96
1669,1998-03-16,2,24.46
167,1997-01-08,1,12.49
167,1997-02-05,4,49.96
167,1997-03-10,2,13.58
167,1997-03-15,1,12.79
167,1997-04-16,2,24.98
167,1997-05-14,7,100.93
167,1997-05-15,3,32.3
167,1997-05-16,2,11.58
167,1997-05-19,2,20.76
167,1997-05-20,3,28.81
167,1997-06-06,1,5.78
167,1997-06-24,1,12.25
167,1997-07-23,1,4.99
167,1997-07-24,1,12.25
167,1997-10-14,4,49.96
167,1997-10-20,1,11.49
167,1997-10-24,2,24.98
167,1997-11-07,4,35.96
167,1997-11-18,1,12.49
167,1997-11-20,3,47.97
167,1997-12-01,2,16.98
167,1998-01-02,2,53.48
167,1998-01-06,4,63.96
167,1998-01-11,5,105.95
167,1998-01-27,5,66.95
167,1998-02-09,2,24.98
167,1998-02-18,1,11.02
167,1998-03-20,1,5.99
167,1998-03-28,3,40.97
167,1998-05-13,3,41.97
1670,1997-03-02,18,323.68
1670,1998-02-12,3,37.47
1671,1997-03-02,9,128.68
1671,1997-04-30,3,44.69
1671,1997-08-29,3,45.68
1671,1997-11-29,6,101.94
1671,1997-12-16,5,65.45
1671,1998-01-06,1,12.99
1671,1998-01-31,1,12.58
1671,1998-02-12,3,47.65
1671,1998-02-27,3,34.24
1671,1998-05-05,1,12.58
1672,1997-03-02,1,14.37
1672,1997-12-19,1,13.99
1673,1997-03-02,3,41.69
1673,1997-07-28,1,56.77
1673,1998-06-02,1,23.08
1674,1997-03-02,1,14.99
1675,1997-03-02,1,14.37
1675,1997-08-21,2,28.74
1676,1997-03-02,2,60.94
1677,1997-03-02,1,14.37
1678,1997-03-02,7,82.61
1679,1997-03-02,4,54.28
1679,1997-05-18,4,56.29
1679,1997-06-22,4,62.47
1679,1997-07-27,9,144.72
1679,1997-09-04,3,37.5
1679,1997-09-16,1,14.96
1679,1997-11-08,6,81.94
1679,1997-11-12,3,42.47
1679,1998-03-22,7,139.02
1679,1998-04-08,26,259.74
1679,1998-04-14,1,9.99
1679,1998-06-11,8,126.92
1679,1998-06-14,7,77.52
168,1997-01-08,1,14.37
1680,1997-03-02,1,12.77
1680,1997-04-29,2,22.54
1681,1997-03-02,1,12.97
1681,1997-03-18,1,12.97
1681,1997-04-16,1,14.96
1681,1997-07-08,1,11.77
1681,1997-12-18,1,9.49
1682,1997-03-02,2,22.96
1683,1997-03-02,1,9.99
1683,1997-06-24,1,11.77
1683,1997-07-16,1,11.77
1683,1997-12-22,2,27.48
1683,1998-05-31,1,62.99
1684,1997-03-02,3,66.97
1684,1997-03-15,1,25.99
1685,1997-03-02,2,30.32
1686,1997-03-02,1,12.49
1686,1997-05-12,3,28.08
1686,1997-11-26,8,99.42
1686,1998-02-26,5,50.95
1686,1998-03-15,3,40.97
1686,1998-05-21,1,23.99
1687,1997-03-02,1,14.99
1688,1997-03-02,3,53.32
1689,1997-03-02,1,14.79
169,1997-01-08,2,25.77
1690,1997-03-02,3,41.71
1690,1997-08-03,1,13.97
1691,1997-03-02,4,65.26
1691,1998-01-02,3,58.47
1692,1997-03-02,2,24.76
1692,1997-03-15,3,42.71
1692,1997-03-29,3,36.9
1692,1997-12-14,3,35.47
1693,1997-03-02,3,40.53
1694,1997-03-02,2,32.48
1695,1997-03-02,1,14.96
1695,1997-11-25,1,19.49
1696,1997-03-03,16,218.72
1696,1997-03-11,22,358.56
1696,1997-07-05,9,131.86
1696,1997-10-03,2,25.98
1696,1997-10-24,24,316.76
1696,1997-11-22,7,90.43
1696,1998-03-25,5,55.45
1696,1998-04-18,7,100.04
1696,1998-05-07,3,37.75
1697,1997-03-03,1,14.37
1697,1997-06-19,2,45.33
1697,1997-06-29,1,13.97
1697,1997-07-27,1,14.96
1697,1998-01-10,1,13.99
1697,1998-04-17,1,11.88
1697,1998-06-06,1,11.88
1698,1997-03-03,2,29.92
1699,1997-03-03,1,22.3
17,1997-01-01,2,25.98
17,1997-02-06,2,23.54
17,1997-02-11,1,13.97
17,1997-02-12,1,27.77
17,1997-02-28,1,9.98
17,1997-03-11,1,15.36
17,1997-05-27,1,21.97
17,1997-05-31,1,17.3
17,1997-07-08,3,51.75
17,1997-08-07,2,36.74
17,1997-08-28,1,23.97
17,1997-12-29,3,41.47
17,1998-01-06,1,29.99
170,1997-01-08,1,18.99
170,1997-09-27,1,14.49
170,1997-11-29,1,13.99
170,1998-04-11,1,14.49
1700,1997-03-03,2,26.13
1700,1997-03-14,2,20.15
1700,1997-03-23,1,4.79
1700,1997-03-28,2,30.32
1700,1997-04-04,5,28.14
1700,1997-09-29,4,20.96
1701,1997-03-03,1,14.37
1702,1997-03-03,2,29.33
1702,1997-03-12,1,22.3
1702,1997-03-17,1,14.37
1703,1997-03-03,1,11.77
1704,1997-03-03,1,12.49
1705,1997-03-03,2,30.78
1706,1997-03-03,1,14.37
1707,1997-03-03,1,14.37
1708,1997-03-03,1,5.78
1708,1997-03-12,1,5.78
1709,1997-03-03,1,12.77
1709,1997-06-24,1,14.96
171,1997-01-08,1,64.99
1710,1997-03-03,1,12.77
1711,1997-03-03,6,77.24
1712,1997-03-03,1,15.36
1712,1997-04-07,1,13.97
1712,1997-04-13,2,41.74
1712,1997-06-06,4,63.07
1712,1997-06-23,2,35.93
1712,1997-07-13,2,37.14
1712,1997-08-11,2,26.73
1712,1997-09-02,1,18.36
1712,1997-09-03,1,27.77
1712,1997-09-19,2,24.48
1712,1997-10-27,2,26.98
1712,1997-11-13,2,25.48
1712,1997-12-05,3,94.47
1712,1997-12-08,4,71.46
1712,1997-12-11,1,12.99
1712,1997-12-16,1,8.49
1712,1997-12-17,2,42.98
1712,1998-02-18,1,29.99
1712,1998-03-27,1,12.99
1712,1998-03-31,3,66.47
1712,1998-04-01,1,15.49
1712,1998-04-27,2,27.57
1712,1998-05-27,1,13.57
1712,1998-06-25,3,41.55
1713,1997-03-03,1,14.96
1713,1997-03-25,4,43.5
1713,1997-05-04,1,38.77
1714,1997-03-03,1,12.49
1715,1997-03-03,5,68.06
1715,1997-04-16,4,52.5
1716,1997-03-03,5,55.27
1716,1997-03-18,4,116.47
1716,1998-02-05,2,41.87
1717,1997-03-03,3,46.04
1718,1997-03-03,1,10.97
1719,1997-03-03,1,17.9
172,1997-01-08,1,51.37
1720,1997-03-03,3,41.1
1720,1997-08-03,3,41.11
1721,1997-03-03,1,13.97
1721,1997-08-03,3,43.89
1721,1997-12-08,3,34.47
1721,1998-05-07,3,38.47
1722,1997-03-03,1,23.99
1722,1997-10-28,1,12.49
1722,1998-01-05,1,12.49
1722,1998-01-29,2,11.98
1722,1998-03-07,3,31.45
1722,1998-05-06,1,15.49
1722,1998-05-07,2,24.98
1722,1998-05-23,3,47.97
1723,1997-03-03,1,15.36
1724,1997-03-03,1,6.79
1725,1997-03-03,1,9.77
1726,1997-03-04,1,14.99
1727,1997-03-04,1,14.96
1727,1998-04-04,2,27.48
1728,1997-03-04,7,55.73
1728,1997-03-12,1,15.99
1728,1997-04-11,1,14.96
1728,1997-11-08,2,33.98
1729,1997-03-04,4,58.65
173,1997-01-08,8,93.57
1730,1997-03-04,1,15.96
1731,1997-03-04,1,13.97
1732,1997-03-04,2,23.48
1733,1997-03-04,4,63.08
1733,1997-03-06,1,11.77
1733,1997-07-29,5,65.68
1733,1997-09-28,4,52.96
1733,1997-12-15,3,54.47
1733,1998-05-10,2,68.48
1734,1997-03-04,1,48.37
1735,1997-03-04,1,14.96
1736,1997-03-04,2,29.27
1737,1997-03-04,1,15.96
1737,1997-07-28,1,15.36
1737,1998-01-19,2,30.98
1737,1998-02-20,1,32.49
1738,1997-03-04,2,26.14
1739,1997-03-04,1,13.97
174,1997-01-08,1,18.36
1740,1997-03-04,1,16.36
1741,1997-03-04,1,15.96
1742,1997-03-04,1,17.7
1742,1997-05-15,1,12.25
1742,1997-08-27,1,32.45
1742,1997-10-09,2,24.98
1742,1997-10-14,1,12.49
1742,1998-03-30,2,28.48
1742,1998-06-09,2,27.48
1743,1997-03-04,2,26.73
1744,1997-03-04,1,11.77
1744,1997-05-24,1,14.96
1744,1997-08-16,1,25.32
1744,1997-08-25,2,50.64
1744,1997-08-27,1,14.96
1744,1997-10-13,1,15.99
1744,1997-12-16,1,14.99
1745,1997-03-04,3,52.28
1746,1997-03-04,1,13.97
1746,1997-04-28,2,30.92
1746,1997-08-13,4,49.28
1746,1997-08-20,2,39.54
1746,1997-09-19,1,14.49
1746,1998-03-25,2,25.91
1746,1998-06-18,3,47.97
1747,1997-03-04,1,13.97
1747,1997-04-23,3,35.72
1747,1997-07-25,1,19.99
1747,1997-08-22,4,42.66
1747,1997-10-27,3,33.47
1747,1997-11-06,3,23.97
1747,1998-05-15,2,20.96
1748,1997-03-04,1,29.97
1749,1997-03-04,1,11.77
1749,1997-04-28,1,13.97
1749,1997-05-22,1,6.27
1749,1997-06-24,1,12.25
175,1997-01-08,1,6.79
1750,1997-03-04,1,15.36
1750,1997-05-04,3,42.69
1750,1997-06-22,3,44.69
1750,1997-10-19,4,56.46
1750,1997-12-18,2,30.98
1750,1998-03-17,4,80.96
1751,1997-03-04,1,13.77
1752,1997-03-04,1,4.79
1753,1997-03-04,1,19.97
1754,1997-03-04,1,11.77
1755,1997-03-04,1,19.99
1756,1997-03-04,3,45.71
1756,1997-03-08,2,42.74
1756,1997-03-23,2,26.13
1756,1997-04-11,2,26.14
1756,1997-04-26,2,44.73
1756,1997-12-25,1,9.49
1756,1998-05-17,1,15.49
1757,1997-03-04,1,14.9
1758,1997-03-05,2,25.54
1759,1997-03-05,2,15.56
176,1997-01-09,10,166.3
1760,1997-03-05,1,15.36
1760,1997-04-05,2,23.94
1760,1997-06-17,2,56.35
1760,1997-07-25,3,36.26
1760,1997-08-01,1,14.96
1760,1997-09-07,2,26.56
1760,1997-10-25,1,62.99
1760,1997-11-07,1,9.99
1760,1997-11-08,1,12.99
1760,1997-12-09,1,11.99
1760,1997-12-31,1,11.49
1760,1998-01-17,2,18.98
1760,1998-03-10,2,25.98
1761,1997-03-05,6,72.82
1761,1997-03-17,8,112.14
1761,1997-03-31,7,86.79
1761,1997-04-18,5,72.31
1762,1997-03-05,2,28.48
1762,1997-06-17,3,32.53
1762,1997-06-20,3,35.72
1762,1998-05-03,2,17.87
1762,1998-05-30,2,28.48
1763,1997-03-05,1,15.36
1763,1997-04-14,1,13.97
1763,1997-09-22,1,16.49
1763,1998-03-22,2,27.98
1764,1997-03-05,2,30.15
1765,1997-03-05,1,11.97
1766,1997-03-05,2,17.54
1766,1997-03-25,2,29.33
1766,1997-07-28,5,59.84
1766,1997-08-25,2,26.53
1766,1998-01-20,2,26.3
1766,1998-06-04,3,36.25
1767,1997-03-05,1,15.9
1767,1997-03-15,1,29.99
1767,1997-07-01,1,9.99
1768,1997-03-05,1,13.77
1768,1997-04-14,1,23.99
1768,1997-04-28,2,39.96
1768,1997-06-04,1,13.97
1768,1997-09-07,3,52.7
1768,1997-10-31,3,41.97
1768,1997-11-25,1,14.49
1768,1997-12-09,2,26.48
1768,1998-03-20,2,26.15
1768,1998-03-23,1,13.99
1769,1997-03-05,1,17.9
1769,1998-03-06,1,12.58
177,1997-01-09,1,12.49
1770,1997-03-05,3,59.9
1770,1997-03-18,1,12.77
1770,1997-03-22,1,12.77
1770,1997-03-28,1,12.97
1770,1997-04-04,1,14.96
1770,1997-04-08,1,11.77
1770,1997-04-26,1,12.49
1770,1997-09-17,1,12.49
1770,1998-02-19,1,12.99
1770,1998-06-01,1,12.99
1771,1997-03-05,1,11.77
1771,1997-08-03,1,14.96
1771,1997-10-09,1,13.99
1772,1997-03-05,1,4.79
1772,1997-03-11,1,4.79
1772,1997-07-28,2,24.74
1772,1997-10-08,1,12.99
1772,1997-11-04,1,12.49
1772,1997-11-05,1,12.49
1772,1997-11-12,1,6.49
1772,1997-12-08,1,22.49
1772,1997-12-18,1,18.99
1772,1997-12-22,1,15.49
1772,1998-01-13,1,60.49
1772,1998-01-20,1,2.99
1772,1998-01-28,3,45.47
1772,1998-03-03,1,17.99
1772,1998-04-24,1,15.49
1772,1998-04-30,1,13.99
1772,1998-06-04,2,24.98
1773,1997-03-05,2,35.35
1774,1997-03-05,2,17.96
1774,1997-03-26,1,12.49
1774,1997-05-01,1,14.96
1774,1998-06-08,3,21.47
1775,1997-03-05,2,23.49
1775,1997-06-15,1,31.03
1775,1997-06-20,1,14.96
1776,1997-03-05,3,37.97
1777,1997-03-05,4,60.88
1777,1997-03-06,1,15.36
1777,1997-03-16,6,87.61
1777,1997-03-22,3,38.12
1777,1997-12-28,3,70.97
1777,1998-03-21,7,120.43
1777,1998-05-04,13,169.87
1778,1997-03-05,1,14.49
1779,1997-03-05,2,17.74
178,1997-01-09,5,63.29
178,1997-01-17,6,70.62
178,1997-03-28,2,38.93
178,1997-05-19,3,41.31
178,1997-06-29,1,11.77
178,1997-08-10,1,17.7
178,1997-08-27,2,30.72
178,1997-11-12,3,45.47
178,1997-11-27,2,25.98
178,1998-01-13,2,25.98
178,1998-01-16,2,25.98
178,1998-02-21,2,23.98
178,1998-02-28,2,25.98
178,1998-03-13,2,25.98
178,1998-05-07,1,15.49
1780,1997-03-05,1,14.37
1781,1997-03-05,2,19.96
1781,1997-08-24,1,16.36
1781,1998-05-03,3,42.86
1781,1998-06-02,3,30.36
1782,1997-03-05,3,38.9
1783,1997-03-05,5,63.85
1783,1997-06-11,4,56.06
1784,1997-03-05,1,11.77
1785,1997-03-05,1,12.77
1786,1997-03-05,1,8.97
1786,1997-03-18,1,9.77
1786,1997-05-30,1,7.98
1786,1997-06-02,1,7.78
1786,1998-05-14,3,19.97
1786,1998-05-26,1,27.99
1786,1998-06-10,2,19.98
1787,1997-03-05,3,41.7
1788,1997-03-05,1,11.77
1789,1997-03-05,3,30.91
1789,1997-03-25,3,26.73
1789,1997-10-11,3,36.47
1789,1997-10-30,5,49.45
1789,1997-12-19,4,40.96
1789,1998-02-03,5,69.45
1789,1998-02-12,3,43.97
1789,1998-03-06,2,24.77
1789,1998-04-07,5,46.87
179,1997-01-09,4,47.08
179,1997-02-03,3,29.97
179,1997-02-09,4,68.45
179,1997-03-02,2,55.96
179,1997-03-24,5,62.93
179,1997-04-16,3,40.7
179,1997-06-21,3,47.28
179,1997-07-13,2,31.76
179,1997-09-19,4,56.96
179,1997-11-23,3,108.97
179,1997-11-30,1,39.49
179,1997-12-27,3,38.97
179,1998-01-19,5,70.47
179,1998-02-22,4,56.05
179,1998-04-07,3,43.36
179,1998-04-08,1,21.99
1790,1997-03-05,2,24.98
1790,1997-04-23,1,12.97
1790,1997-05-21,3,55.79
1790,1997-05-30,1,10.77
1790,1997-07-25,2,21.58
1790,1997-08-14,3,54.71
1790,1997-09-06,1,11.77
1791,1997-03-05,2,16.73
1792,1997-03-05,1,14.99
1792,1997-07-06,2,29.98
1792,1998-03-05,3,43.86
1793,1997-03-05,3,43.11
1794,1997-03-05,1,11.77
1794,1997-04-11,1,11.77
1794,1997-08-26,4,71.67
1794,1997-11-12,2,50.98
1794,1998-01-09,6,80.44
1794,1998-02-26,3,37.45
1794,1998-03-08,1,11.88
1794,1998-03-22,1,9.49
1795,1997-03-05,2,32.48
1795,1997-03-20,1,21.99
1795,1997-04-07,1,27.99
1795,1997-04-14,1,28.99
1796,1997-03-05,1,18.76
1797,1997-03-05,2,25.74
1798,1997-03-06,11,144.68
1798,1997-03-07,2,26.14
1798,1997-03-30,5,84.04
1798,1997-05-13,6,82.45
1798,1997-10-08,6,80.44
1798,1997-11-23,5,64.45
1798,1998-01-06,5,66.45
1799,1997-03-06,1,10.77
18,1997-01-01,1,13.97
18,1997-02-04,1,9.99
180,1997-01-09,1,17.96
1800,1997-03-06,3,79.51
1800,1997-07-25,4,105.26
1800,1998-03-29,7,95.93
1801,1997-03-06,2,29.98
1802,1997-03-06,1,18.76
1803,1997-03-06,1,18.36
1804,1997-03-06,4,55.89
1805,1997-03-06,4,57.27
1806,1997-03-06,1,10.77
1807,1997-03-06,2,40.74
1808,1997-03-06,2,21.54
1808,1997-03-25,3,40.49
1808,1997-04-23,3,38.11
1808,1997-06-23,2,24.14
1808,1997-08-13,4,48.86
1808,1997-09-29,3,60.97
1808,1997-10-10,2,20.48
1808,1997-11-21,2,29.98
1808,1997-12-10,2,26.48
1808,1997-12-21,1,13.99
1808,1998-02-10,2,27
1808,1998-02-26,4,86.02
1808,1998-03-24,1,11.18
1808,1998-04-02,1,51.08
1808,1998-04-08,4,57.05
1809,1997-03-06,1,11.77
181,1997-01-09,1,15.76
1810,1997-03-06,6,84.79
1811,1997-03-06,1,15.36
1812,1997-03-06,3,45.9
1812,1997-08-01,6,87.4
1812,1998-01-08,1,15.99
1812,1998-05-29,4,55.46
1813,1997-03-06,1,4.79
1814,1997-03-06,1,14.37
1815,1997-03-06,2,28.74
1815,1998-01-03,2,22.98
1816,1997-03-06,3,52.71
1817,1997-03-06,1,16.36
1817,1997-10-27,2,12.98
1817,1997-11-18,1,15.49
1818,1997-03-06,2,26.14
1818,1997-11-19,7,70.93
1819,1997-03-06,2,26.73
182,1997-01-09,1,12.97
1820,1997-03-06,5,75.44
1820,1997-04-09,5,50.78
1820,1997-04-10,3,40.46
1820,1997-04-22,3,42.7
1820,1997-04-28,4,47.1
1820,1997-05-11,4,52.67
1820,1997-06-19,5,70.85
1820,1997-07-16,5,124.52
1820,1997-08-01,6,80.2
1820,1997-08-17,2,52.34
1820,1997-10-02,6,93.94
1820,1997-11-12,3,44.97
1820,1997-11-23,10,200.4
1820,1998-01-14,6,82.94
1820,1998-01-22,6,82.94
1820,1998-04-20,3,60.97
1821,1997-03-06,3,37.12
1821,1997-04-07,4,56.68
1821,1997-05-19,2,23.49
1821,1997-09-13,2,17.98
1821,1997-09-19,1,9.49
1821,1997-10-30,4,48.46
1822,1997-03-06,3,41.11
1822,1997-05-17,5,63.43
1822,1997-09-15,3,32.47
1823,1997-03-06,2,21.74
1824,1997-03-06,4,57.48
1824,1998-04-18,3,39.47
1825,1997-03-06,1,11.77
1825,1997-04-10,3,48.31
1825,1997-12-17,3,42.47
1825,1998-04-04,1,15.49
1825,1998-04-15,1,11.99
1826,1997-03-06,4,96.72
1826,1997-03-13,1,18.99
1826,1997-03-28,2,52.98
1826,1997-04-04,2,37.98
1826,1997-05-01,2,72.98
1826,1997-10-26,1,4.99
1827,1997-03-07,1,11.77
1827,1997-07-31,2,27.94
1828,1997-03-07,1,13.97
1829,1997-03-07,1,15.76
1829,1997-03-14,4,63.04
183,1997-01-09,1,15.36
183,1997-02-13,1,15.76
183,1997-11-14,2,20.98
183,1998-04-21,2,16.98
183,1998-05-08,1,14.99
1830,1997-03-07,6,93.76
1831,1997-03-07,1,13.97
1831,1997-07-31,1,11.77
1832,1997-03-07,3,40.53
1833,1997-03-07,1,22.99
1834,1997-03-07,1,14.3
1834,1997-07-23,1,28.77
1834,1998-02-10,3,29.47
1834,1998-02-22,4,47.96
1834,1998-03-17,1,12.49
1835,1997-03-07,1,16.99
1836,1997-03-07,2,24.74
1836,1997-03-12,1,6.77
1837,1997-03-07,1,11.77
1838,1997-03-07,2,29.13
1839,1997-03-07,6,76.2
1839,1997-10-15,3,40.97
184,1997-01-09,1,8.77
1840,1997-03-07,1,5.78
1840,1997-03-19,1,32.99
1841,1997-03-07,1,13.97
1842,1997-03-07,2,21.54
1842,1997-06-15,3,36.7
1843,1997-03-07,2,30.15
1843,1997-03-20,1,14.79
1843,1997-06-03,4,58.26
1843,1997-06-17,3,44.88
1843,1997-08-21,3,41.69
1843,1997-09-29,3,40.97
1843,1997-12-08,2,31.48
1843,1998-03-05,2,25.98
1843,1998-06-17,3,42.97
1844,1997-03-07,1,14.37
1845,1997-03-07,1,15.36
1845,1997-08-29,1,14.96
1845,1998-02-09,1,11.18
1846,1997-03-07,2,27.13
1847,1997-03-07,1,15.96
1848,1997-03-07,1,5.78
1849,1997-03-07,1,17.9
1849,1997-09-12,1,12.99
1849,1997-11-12,5,61.45
1849,1997-12-19,1,12.99
185,1997-01-09,3,27.55
185,1997-01-11,2,27.94
185,1997-01-18,2,29.78
185,1997-02-23,1,14.96
185,1997-09-19,3,62.97
185,1997-11-05,2,10.98
185,1998-06-12,1,20.99
1850,1997-03-07,1,19.99
1851,1997-03-07,2,13.96
1851,1997-05-14,1,14.99
1852,1997-03-07,4,62.11
1853,1997-03-07,1,13.7
1853,1997-03-21,1,18.99
1854,1997-03-07,1,10.77
1855,1997-03-07,1,14.96
1855,1997-03-18,3,43.89
1856,1997-03-08,1,12.49
1856,1997-09-08,1,12.25
1856,1997-12-13,1,12.49
1857,1997-03-08,2,24.73
1857,1998-02-20,1,11.88
1858,1997-03-08,1,19.99
1858,1998-03-25,1,13.99
1858,1998-04-02,1,15.49
1859,1997-03-08,1,15.36
186,1997-01-09,1,14.96
1860,1997-03-08,3,41.69
1860,1997-03-10,1,30.97
1860,1997-05-28,5,49.25
1860,1997-05-31,1,12.77
1860,1997-06-28,2,31.32
1860,1997-08-16,3,57.69
1860,1997-09-05,1,14.37
1860,1997-09-24,3,57.47
1860,1997-10-26,4,23.46
1860,1997-12-06,5,103.45
1860,1998-01-01,4,47.46
1860,1998-02-12,3,58.47
1860,1998-02-23,3,51.06
1860,1998-03-24,2,24.07
1860,1998-05-13,2,48.96
1860,1998-05-22,2,22.98
1861,1997-03-08,2,38.06
1862,1997-03-08,6,90.98
1863,1997-03-08,1,19.99
1863,1997-09-24,1,2.99
1864,1997-03-08,3,35.31
1865,1997-03-08,1,21.99
1865,1997-08-23,1,11.77
1866,1997-03-08,1,14.37
1867,1997-03-08,2,20.35
1868,1997-03-08,5,89.49
1869,1997-03-08,3,45.88
1869,1997-12-12,2,26.98
187,1997-01-09,1,13.97
187,1997-02-07,1,13.77
187,1997-03-05,1,9.97
187,1998-02-20,1,12.49
1870,1997-03-08,1,10.77
1871,1997-03-08,1,14.99
1871,1998-02-27,1,12.99
1872,1997-03-08,1,25.99
1872,1997-03-25,3,44.69
1873,1997-03-08,1,5.98
1873,1997-05-14,1,9.7
1874,1997-03-08,2,29.92
1874,1997-12-21,1,14.49
1875,1997-03-08,1,25.77
1875,1997-12-13,6,74.94
1876,1997-03-08,4,68.89
1876,1997-08-24,1,14.37
1876,1998-04-12,1,15.49
1877,1997-03-08,1,14.96
1878,1997-03-08,1,12.97
1878,1997-03-14,1,11.77
1878,1997-05-22,1,11.77
1878,1997-11-11,1,15.49
1879,1997-03-08,1,14.99
188,1997-01-09,1,3.99
188,1997-03-20,2,23.76
188,1997-04-01,3,44.69
188,1997-06-06,3,45.51
188,1997-12-23,3,41.47
1880,1997-03-08,6,70.82
1881,1997-03-08,3,43.69
1882,1997-03-08,1,14.99
1882,1997-05-27,1,9.99
1883,1997-03-08,1,6.79
1883,1998-03-01,1,11.88
1884,1997-03-09,3,36.11
1884,1997-11-08,3,41.97
1884,1998-04-17,4,58.89
1884,1998-05-25,3,43.97
1885,1997-03-09,5,42.34
1886,1997-03-09,1,11.77
1886,1997-07-01,1,13.97
1886,1998-03-09,1,15.49
1886,1998-06-10,2,25.48
1887,1997-03-09,5,70.64
1887,1997-03-23,3,74.32
1887,1997-04-11,2,9.58
1887,1997-05-10,1,15.36
1887,1997-05-14,1,13.97
1887,1997-05-18,1,13.77
1887,1997-05-25,1,13.97
1887,1997-06-05,1,14.79
1887,1997-06-07,1,14.79
1887,1997-06-09,1,14.79
1887,1997-06-19,2,29.16
1887,1997-06-29,2,30.73
1887,1997-08-09,1,13.97
1887,1997-08-16,1,13.97
1887,1997-08-19,1,9.98
1887,1997-08-23,1,14.37
1887,1997-10-05,1,6.49
1887,1997-10-16,3,40.47
1887,1997-10-18,1,14.99
1887,1997-11-02,2,31.48
1887,1997-11-09,1,13.99
1887,1997-11-21,1,43.99
1887,1997-12-13,2,30.48
1887,1998-01-10,3,44.47
1887,1998-01-19,1,15.99
1887,1998-02-16,3,45.47
1887,1998-04-12,1,11.88
1887,1998-04-15,2,30.98
1887,1998-04-26,3,41.95
1887,1998-05-02,2,27.48
1887,1998-06-01,1,15.49
1887,1998-06-05,1,12.99
1888,1997-03-09,2,80.73
1888,1997-11-18,4,42.46
1889,1997-03-09,6,52.44
1889,1997-07-01,4,59.65
1889,1997-10-03,16,181.84
1889,1997-10-09,3,38.97
1889,1997-10-15,1,12.99
1889,1997-11-22,1,12.49
1889,1997-11-27,1,14.99
1889,1997-12-10,1,12.49
1889,1998-01-09,1,13.99
1889,1998-03-22,2,25.98
1889,1998-06-12,2,30.98
189,1997-01-09,4,51.86
189,1997-02-05,1,11.77
189,1997-02-17,2,29.13
189,1997-02-20,3,44.49
1890,1997-03-09,2,56.96
1891,1997-03-09,3,45.28
1891,1997-06-09,1,13.97
1891,1997-07-31,1,14.96
1892,1997-03-09,1,17.99
1893,1997-03-09,1,12.49
1894,1997-03-09,1,11.77
1894,1997-03-22,2,45.73
1894,1997-04-17,1,14.79
1894,1997-08-14,1,13.77
1894,1997-11-08,2,23.98
1895,1997-03-09,2,25.96
1896,1997-03-09,2,29.96
1896,1998-03-09,2,26.56
1897,1997-03-09,2,29.96
1897,1997-11-02,2,32.48
1898,1997-03-09,1,14.99
1899,1997-03-09,2,26.14
1899,1997-06-02,2,22.54
1899,1997-12-11,9,104.41
1899,1998-01-26,1,10.49
1899,1998-01-29,4,35.46
1899,1998-02-26,6,128.79
1899,1998-03-17,2,29.76
1899,1998-03-22,2,27.48
1899,1998-06-25,2,26.48
19,1997-01-02,2,35.93
19,1997-02-23,2,26.73
19,1997-04-20,2,23.76
19,1997-07-19,2,24.74
19,1998-02-15,1,15.49
19,1998-05-05,3,43.47
190,1997-01-09,1,28.99
1900,1997-03-09,1,22.77
1901,1997-03-09,13,260.39
1901,1997-03-10,5,79.62
1901,1997-03-11,8,363.51
1901,1997-03-13,9,174.38
1901,1997-03-15,15,188.56
1901,1997-03-16,11,147.26
1901,1997-03-18,46,621.84
1901,1997-03-19,21,292.66
1901,1997-03-20,73,1554.58
1901,1997-03-21,38,641.32
1901,1997-03-22,3,45.34
1901,1997-03-23,16,251.02
1901,1997-03-24,3,38.35
1901,1997-03-25,8,206.65
1901,1997-03-26,9,219.88
1901,1997-03-27,17,265.89
1901,1997-03-28,34,466.32
1901,1997-03-29,11,130.13
1901,1997-03-30,15,230.3
1901,1997-04-01,5,94.7
1901,1997-04-02,13,214.77
1901,1997-04-11,5,65.23
1902,1997-03-09,3,43.73
1902,1997-05-31,7,111.76
1902,1997-07-30,3,38.33
1902,1998-03-17,4,53.35
1902,1998-05-24,3,68.47
1903,1997-03-09,2,22.55
1904,1997-03-09,1,28.97
1905,1997-03-09,1,13.97
1906,1997-03-09,2,33.54
1906,1997-04-18,1,11.77
1906,1997-05-28,1,13.97
1906,1997-07-26,2,27.93
1906,1998-06-15,3,40.06
1907,1997-03-09,1,10.99
1908,1997-03-09,1,17.99
1909,1997-03-09,1,13.97
1909,1997-04-13,2,29.92
1909,1997-05-18,1,12.97
1909,1997-06-30,2,15.54
191,1997-01-09,2,27.94
1910,1997-03-09,2,24.74
1910,1997-05-09,3,46.71
1910,1997-07-31,2,28.93
1910,1997-11-13,1,6.49
1911,1997-03-09,2,25.28
1911,1997-03-24,1,12.79
1912,1997-03-09,6,71.02
1913,1997-03-09,1,21.99
1914,1997-03-09,11,200.45
1914,1997-03-12,3,42.49
1915,1997-03-10,2,25.74
1915,1997-07-08,8,123.53
1915,1997-10-10,5,63.45
1915,1997-11-09,5,66.95
1916,1997-03-10,1,22.7
1916,1997-04-02,2,32
1917,1997-03-10,1,10.77
1918,1997-03-10,1,15.36
1919,1997-03-10,2,24.98
1919,1997-09-02,1,17.3
192,1997-01-09,2,30.54
1920,1997-03-10,10,120.32
1920,1997-03-31,23,356.56
1920,1997-07-16,5,69.45
1920,1997-11-13,3,32.97
1921,1997-03-10,3,39.5
1921,1997-03-16,1,7.98
1921,1997-04-05,2,33.4
1921,1998-03-10,1,7.49
1922,1997-03-10,2,24.69
1922,1997-04-15,2,34.93
1923,1997-03-10,1,9.77
1924,1997-03-10,1,12.77
1925,1997-03-10,2,36.86
1925,1997-04-13,1,14.96
1925,1997-04-25,1,10.77
1925,1997-05-14,1,13.97
1925,1997-09-26,1,12.99
1925,1998-02-12,1,14.49
1925,1998-05-20,2,19.56
1925,1998-06-06,2,21.37
1925,1998-06-14,2,26.3
1926,1997-03-10,3,38.5
1927,1997-03-10,1,7.98
1928,1997-03-10,2,34.98
1928,1998-01-04,5,83.45
1929,1997-03-10,1,11.97
1929,1997-03-24,1,9.77
1929,1997-09-21,1,14.49
1929,1997-10-23,1,12.99
1929,1997-11-16,1,14.49
193,1997-01-09,3,52.63
1930,1997-03-10,1,19.77
1931,1997-03-10,1,15.99
1932,1997-03-10,4,71.49
1932,1997-08-16,1,14.96
1933,1997-03-10,1,13.77
1934,1997-03-10,1,14.37
1934,1997-07-22,1,15.76
1935,1997-03-10,2,22.54
1935,1997-05-27,2,20.54
1936,1997-03-10,1,11.77
1937,1997-03-10,2,29.58
1938,1997-03-10,2,38.29
1939,1997-03-10,4,74.73
1939,1997-04-04,2,27.34
1939,1997-09-20,3,42.47
194,1997-01-09,1,16.99
1940,1997-03-10,1,26.77
1940,1997-11-07,1,15.99
1940,1997-12-02,1,13.99
1941,1997-03-10,2,23.54
1941,1997-11-07,3,31.97
1941,1998-02-17,3,41.97
1942,1997-03-10,2,31
1943,1997-03-10,2,24.98
1943,1997-03-12,4,55.08
1943,1997-07-29,1,9.97
1944,1997-03-10,2,33.76
1945,1997-03-11,1,15.36
1945,1997-10-09,2,42.48
1945,1997-12-08,3,32.47
1945,1998-01-20,3,39.86
1945,1998-02-26,2,59.55
1945,1998-03-06,5,63.95
1945,1998-03-27,2,63.48
1945,1998-06-22,3,39.46
1946,1997-03-11,4,49.87
1946,1997-03-28,3,35.71
1946,1997-04-08,3,36.51
1947,1997-03-11,2,9.58
1948,1997-03-11,1,27.97
1949,1997-03-11,1,49.37
195,1997-01-09,1,14.3
195,1997-02-10,1,22.97
195,1997-05-09,2,16.56
195,1997-05-27,2,48.94
195,1997-06-11,1,39.51
195,1997-06-16,1,10.77
195,1997-07-17,1,33.86
1950,1997-03-11,1,11.77
1950,1997-06-25,2,26.14
1951,1997-03-11,2,20.75
1951,1998-05-28,2,24.98
1952,1997-03-11,4,75.09
1953,1997-03-11,3,41.35
1953,1997-03-21,5,70.82
1953,1997-04-23,3,35.31
1953,1997-04-25,3,33.17
1953,1997-06-18,2,31.86
1953,1997-07-04,1,29.6
1953,1997-08-07,2,28.74
1953,1997-11-18,3,49.97
1954,1997-03-11,2,34.14
1955,1997-03-11,1,16.36
1955,1997-03-21,1,11.77
1955,1997-04-15,3,44.51
1955,1997-05-07,1,11.77
1955,1997-05-15,2,25.74
1955,1997-05-19,2,36.36
1955,1997-06-02,2,28.76
1955,1997-06-17,3,40.49
1955,1997-07-01,2,26.73
1955,1997-07-11,3,33.51
1955,1997-07-25,3,41.5
1955,1997-08-21,2,29.33
1956,1997-03-11,2,25.73
1957,1997-03-11,4,50.47
1958,1997-03-11,1,11.77
1958,1997-04-07,1,14.96
1959,1997-03-11,1,13.97
1959,1997-03-22,1,13.97
196,1997-01-09,3,36.75
1960,1997-03-11,2,29.75
1961,1997-03-11,2,33.74
1961,1997-09-23,1,11.49
1961,1997-11-11,6,77.44
1962,1997-03-11,5,67.57
1962,1997-07-17,3,38.97
1962,1997-11-12,2,23.48
1963,1997-03-11,1,14.96
1963,1997-03-17,1,14.96
1963,1997-05-26,3,84.97
1963,1998-06-07,1,11.49
1963,1998-06-22,3,38.97
1964,1997-03-11,3,40.3
1964,1997-09-04,1,15.36
1964,1997-09-05,2,35.95
1964,1997-11-05,3,47.47
1965,1997-03-11,1,14.96
1966,1997-03-11,3,46.08
1966,1997-03-14,1,19.99
1966,1997-03-20,1,15.36
1966,1997-03-21,6,77
1966,1998-04-08,1,15.49
1967,1997-03-11,1,14.96
1968,1997-03-11,2,21.76
1969,1997-03-11,3,43.89
197,1997-01-09,2,29.36
197,1997-01-20,2,27.13
1970,1997-03-11,2,24.14
1971,1997-03-11,2,29.33
1972,1997-03-11,1,8.77
1973,1997-03-11,1,6.77
1974,1997-03-11,6,70.87
1975,1997-03-12,1,22.77
1975,1997-05-13,1,22.77
1976,1997-03-12,1,14.37
1977,1997-03-12,1,14.37
1978,1997-03-12,1,5.98
1979,1997-03-12,1,32.97
198,1997-01-09,3,46.68
198,1997-11-02,1,29.49
1980,1997-03-12,2,29.73
1980,1997-03-24,4,60.25
1981,1997-03-12,3,44.71
1981,1997-03-13,4,66.66
1981,1997-04-18,3,44.88
1981,1997-05-15,3,44.88
1981,1997-06-12,4,60.84
1981,1997-06-20,4,51.67
1981,1997-06-25,3,45.88
1981,1997-07-04,3,44.88
1981,1997-07-08,3,43.89
1981,1997-07-16,3,45.29
1981,1997-07-21,4,61.84
1981,1997-07-29,3,46.88
1981,1997-08-05,3,44.88
1981,1997-08-20,4,49.67
1981,1997-09-05,4,50.87
1981,1997-09-16,6,77.94
1981,1997-09-19,2,25.98
1981,1997-09-27,1,12.99
1981,1997-10-01,3,39.97
1981,1997-10-02,1,12.99
1981,1997-10-04,4,56.96
1981,1997-10-09,3,38.97
1981,1997-10-20,3,38.97
1981,1997-10-30,3,38.97
1981,1997-11-01,3,38.97
1981,1997-11-06,3,38.97
1981,1997-11-07,3,37.97
1981,1997-11-20,3,40.97
1981,1997-12-06,4,53.46
1981,1998-01-06,2,28.98
1981,1998-01-15,1,12.99
1981,1998-01-26,3,38.86
1981,1998-02-03,3,39.56
1981,1998-02-12,3,37.86
1981,1998-02-17,3,36.97
1981,1998-03-26,3,41.47
1981,1998-04-14,3,40.97
1981,1998-04-29,3,32.97
1981,1998-05-07,3,36.75
1981,1998-05-13,1,12.58
1981,1998-05-28,3,37.86
1981,1998-06-17,4,47.96
1982,1997-03-12,2,35.74
1982,1997-05-28,1,14.96
1982,1997-08-25,1,15.36
1982,1997-11-29,1,5.49
1982,1997-12-06,1,11.49
1982,1998-03-20,1,13.99
1983,1997-03-12,1,20.99
1983,1997-05-05,2,31.76
1983,1997-06-03,2,39.95
1984,1997-03-12,1,15.36
1984,1997-10-02,1,19.49
1984,1997-10-20,2,21.98
1985,1997-03-12,3,36.12
1985,1997-03-20,5,42.31
1985,1997-04-02,1,10.77
1986,1997-03-12,1,15.36
1987,1997-03-12,1,15.36
1987,1997-06-21,1,11.97
1987,1997-08-08,2,29.33
1987,1997-11-05,1,11.49
1988,1997-03-12,1,5.78
1989,1997-03-12,1,14.37
199,1997-01-09,1,27.77
1990,1997-03-12,1,14.37
1990,1997-11-21,1,19.49
1990,1998-06-13,1,14.49
1991,1997-03-12,1,11.77
1992,1997-03-12,1,13.97
1992,1997-07-07,1,13.97
1993,1997-03-12,2,28.74
1993,1997-12-26,3,33.47
1994,1997-03-12,1,11.77
1995,1997-03-12,1,11.77
1996,1997-03-12,1,20.3
1997,1997-03-12,1,11.77
1997,1997-12-01,1,9.49
1998,1997-03-12,1,14.37
1999,1997-03-12,1,13.99
2,1997-01-01,3,63.34
2,1997-01-13,1,11.77
20,1997-01-02,2,17.96
200,1997-01-10,3,47.73
200,1997-02-01,1,23.99
200,1997-04-20,3,58.97
200,1998-01-10,1,11.49
2000,1997-03-12,1,13.97
2001,1997-03-13,2,25.74
2002,1997-03-13,3,50.73
2003,1997-03-13,5,55.47
2003,1998-02-16,7,99.93
2004,1997-03-13,7,100.52
2005,1997-03-13,19,192.79
2005,1997-03-22,5,67.45
2005,1997-06-11,4,66.09
2005,1997-07-02,3,55.31
2005,1998-02-25,2,29.98
2005,1998-04-29,3,35.47
2006,1997-03-13,1,22.77
2007,1997-03-13,2,19.54
2007,1997-08-19,1,21.7
2007,1998-01-14,1,12.99
2008,1997-03-13,5,51.87
2008,1998-04-06,1,9.99
2009,1997-03-13,1,11.78
201,1997-01-10,2,21.54
2010,1997-03-13,1,14.37
2010,1997-06-27,1,19.99
2011,1997-03-13,1,9.99
2012,1997-03-13,1,27.99
2012,1997-04-20,1,13.97
2012,1997-05-11,2,26.22
2012,1998-01-28,2,25.98
2012,1998-03-28,1,13.99
2012,1998-06-14,2,24.98
2013,1997-03-13,1,20.99
2014,1997-03-13,6,93.4
2015,1997-03-13,1,11.77
2016,1997-03-13,1,20.99
2017,1997-03-13,1,44.77
2017,1997-06-30,1,11.77
2017,1997-12-16,1,11.49
2017,1998-03-12,1,14.49
2018,1997-03-13,1,18.36
2019,1997-03-13,3,33.51
202,1997-01-10,1,12.49
202,1997-02-04,2,25.26
202,1997-02-28,1,12.49
2020,1997-03-13,1,6.79
2021,1997-03-13,4,58.66
2021,1998-03-27,2,29.48
2022,1997-03-13,2,26.74
2022,1997-06-12,2,27.94
2022,1998-01-19,1,14.49
2022,1998-03-09,1,9.99
2022,1998-03-26,1,15.49
2022,1998-05-14,1,19.99
2023,1997-03-13,1,12.49
2024,1997-03-13,1,14.37
2024,1997-03-14,1,14.79
2024,1997-04-04,1,14.79
2024,1997-04-12,1,11.77
2024,1997-05-11,1,13.97
2024,1997-06-17,2,25.94
2024,1997-07-06,1,19.99
2024,1997-08-30,1,14.96
2025,1997-03-13,1,15.36
2026,1997-03-13,2,28.34
2027,1997-03-13,1,14.99
2027,1997-05-13,1,10.77
2027,1998-03-22,2,12.18
2028,1997-03-13,1,17.96
2029,1997-03-14,1,15.36
203,1997-01-10,1,16.7
203,1997-07-01,1,15.96
203,1997-08-15,1,27.77
2030,1997-03-14,2,24.74
2030,1997-04-02,2,35.34
2030,1997-05-20,2,26.13
2030,1997-06-28,2,26.14
2031,1997-03-14,2,48.76
2031,1997-12-15,2,25.98
2031,1998-03-05,2,25.98
2031,1998-03-13,2,25.57
2031,1998-05-25,1,11.99
2031,1998-06-04,4,55.83
2031,1998-06-27,2,25.98
2032,1997-03-14,1,12.49
2033,1997-03-14,1,8.77
2033,1997-07-07,2,26.22
2033,1997-09-07,2,43.57
2034,1997-03-14,5,36.83
2034,1997-03-20,1,19.99
2034,1997-03-31,2,34.38
2034,1997-07-10,4,25.14
2034,1997-08-13,2,26.73
2034,1997-11-23,2,25.98
2034,1998-01-29,3,16.47
2034,1998-03-24,1,32.49
2034,1998-03-31,1,15.49
2034,1998-06-19,1,12.99
2035,1997-03-14,1,9.97
2035,1997-10-05,1,18.99
2035,1998-03-26,1,14.49
2036,1997-03-14,1,15.36
2036,1997-03-30,1,13.77
2037,1997-03-14,2,17.54
2038,1997-03-14,6,79.2
2039,1997-03-14,1,9.97
204,1997-01-10,2,28.35
2040,1997-03-14,2,22.48
2041,1997-03-14,1,8.77
2041,1997-03-17,1,11.77
2041,1997-05-20,1,14.37
2042,1997-03-14,4,55.06
2042,1997-03-29,5,66.43
2042,1998-03-31,4,54.46
2043,1997-03-14,1,10.97
2044,1997-03-14,3,38.51
2044,1997-08-01,2,30.72
2044,1997-08-21,2,30.72
2044,1997-09-03,5,61.43
2044,1997-09-06,1,27.77
2044,1997-10-14,1,10.99
2044,1997-12-01,2,24.48
2044,1997-12-12,1,49.49
2044,1997-12-18,1,25.99
2044,1998-01-08,1,15.49
2044,1998-01-28,2,32.48
2044,1998-03-05,4,61.46
2044,1998-03-11,1,75.99
2044,1998-04-07,6,87.63
2044,1998-04-19,3,102.96
2045,1997-03-14,4,51.12
2045,1997-04-01,1,10.77
2045,1997-04-23,3,51.1
2045,1997-10-03,1,14.99
2045,1997-10-31,5,87.45
2045,1997-11-07,1,13.99
2045,1997-11-09,3,40.97
2045,1998-03-23,1,17.99
2045,1998-05-28,3,41.16
2045,1998-06-08,2,29.57
2046,1997-03-14,10,349.9
2047,1997-03-14,1,13.97
2047,1997-11-19,1,5.49
2047,1998-03-13,1,6.49
2048,1997-03-14,3,36.92
2048,1997-06-26,1,14.79
2049,1997-03-14,2,23.54
2049,1997-05-30,3,43.69
2049,1997-06-25,3,53.51
2049,1997-06-27,3,33.91
205,1997-01-10,1,10.77
2050,1997-03-14,1,11.77
2051,1997-03-14,5,74.25
2052,1997-03-14,2,24.98
2052,1997-05-30,1,12.25
2053,1997-03-14,1,12.49
2054,1997-03-14,3,42.71
2055,1997-03-14,6,75.01
2055,1997-06-14,4,50.48
2055,1997-11-12,4,59.96
2056,1997-03-14,3,33.31
2057,1997-03-14,1,16.36
2057,1997-05-12,1,14.96
2058,1997-03-14,1,10.77
2058,1997-09-08,1,122.37
2059,1997-03-14,1,9.77
206,1997-01-10,4,56.87
206,1997-05-16,1,14.96
2060,1997-03-14,1,17.7
2061,1997-03-15,1,14.37
2062,1997-03-15,3,38.95
2063,1997-03-15,3,45.88
2064,1997-03-15,1,13.97
2065,1997-03-15,2,38.13
2066,1997-03-15,4,55.46
2066,1998-04-23,4,50.96
2067,1997-03-15,3,21.74
2068,1997-03-15,3,37.51
2068,1997-06-24,3,39.7
2068,1997-09-25,3,38.97
2068,1997-12-27,1,8.99
2068,1998-03-28,3,30.47
2069,1997-03-15,2,43.98
2069,1997-03-19,1,14.96
2069,1997-05-11,1,14.96
2069,1997-09-25,2,28.48
2069,1998-02-08,2,34.07
207,1997-01-10,1,12.99
2070,1997-03-15,1,19.95
2071,1997-03-15,1,5.77
2071,1997-06-20,1,8.97
2071,1998-02-04,2,27.98
2071,1998-06-17,3,46.84
2072,1997-03-15,3,48.16
2073,1997-03-15,2,22.54
2073,1997-04-13,3,35.91
2073,1997-12-04,3,31.47
2073,1998-02-17,3,38.06
2074,1997-03-15,1,15.96
2074,1997-08-10,2,28.74
2074,1997-11-01,2,22.98
2074,1997-12-14,1,11.49
2075,1997-03-15,2,23.47
2075,1997-04-14,1,7.45
2075,1997-04-16,1,14.79
2075,1997-05-05,2,12.57
2076,1997-03-15,1,19.97
2076,1997-08-04,2,23.76
2076,1997-09-04,3,44.52
2076,1997-09-25,1,12.99
2076,1997-12-01,2,28.98
2076,1997-12-04,3,40.97
2076,1997-12-08,1,19.99
2077,1997-03-15,1,10.77
2077,1998-01-25,1,11.88
2078,1997-03-15,2,41.48
2079,1997-03-15,1,15.36
2079,1997-12-15,1,14.49
2079,1997-12-19,1,32.99
2079,1997-12-24,1,32.99
208,1997-01-10,4,82.96
208,1997-01-12,2,34.27
2080,1997-03-15,2,29.92
2080,1997-11-17,2,28.48
2080,1997-12-07,2,21.48
2080,1998-03-10,2,25.87
2081,1997-03-15,4,24.54
2081,1997-03-25,1,4.79
2082,1997-03-15,1,14.37
2083,1997-03-15,3,89.35
2083,1997-04-05,3,44.88
2083,1997-05-13,3,45.09
2083,1997-10-25,2,25.98
2083,1997-11-28,2,47.48
2083,1998-03-07,2,24.46
2084,1997-03-15,1,11.97
2085,1997-03-15,1,54.97
2085,1997-03-21,1,14.96
2086,1997-03-16,1,0
2087,1997-03-16,7,97.79
2087,1998-01-15,5,62.45
2088,1997-03-16,1,11.77
2089,1997-03-16,1,11.77
2089,1997-09-30,1,12.99
2089,1997-11-26,1,12.99
209,1997-01-10,1,14.37
2090,1997-03-16,2,28.13
2090,1997-03-25,1,16.36
2091,1997-03-16,2,25.94
2092,1997-03-16,1,23.99
2092,1997-04-01,1,14.79
2092,1997-04-23,2,28.53
2092,1997-12-30,2,39.98
2093,1997-03-16,1,9.98
2094,1997-03-16,2,29.92
2094,1997-07-20,1,21.77
2094,1997-08-18,2,29.93
2094,1998-03-07,2,37.48
2095,1997-03-16,1,12.49
2096,1997-03-16,3,50.45
2096,1997-07-08,4,63.35
2096,1997-07-19,3,35.11
2096,1997-09-14,3,38.47
2096,1997-11-09,4,60.46
2096,1997-11-12,4,55.46
2097,1997-03-16,1,9.98
2098,1997-03-16,1,32.97
2098,1997-03-22,4,83.34
2098,1997-04-12,4,67.48
2098,1997-05-04,3,38.5
2098,1997-06-02,6,118.93
2099,1997-03-16,6,74.22
2099,1998-03-14,10,170.9
21,1997-01-02,1,14.99
21,1997-03-02,2,34.6
21,1997-04-14,1,29.99
210,1997-01-10,3,59.97
2100,1997-03-16,2,28.36
2100,1997-06-01,2,31.76
2100,1997-11-25,2,28.98
2101,1997-03-16,1,15.76
2101,1997-05-08,3,54.51
2102,1997-03-16,3,51.68
2103,1997-03-16,3,21.53
2103,1998-02-23,4,47.96
2103,1998-03-08,1,14.99
2103,1998-06-01,1,15.49
2104,1997-03-16,3,45.88
2104,1997-07-26,3,48.91
2105,1997-03-16,2,22.95
2106,1997-03-16,1,14.79
2106,1997-04-27,1,10.77
2106,1997-05-03,2,21.95
2106,1997-08-11,2,23.74
2106,1998-02-24,2,33.48
2107,1997-03-16,2,28.93
2108,1997-03-16,2,32.52
2109,1997-03-16,1,11.77
211,1997-01-10,3,35.31
211,1997-02-11,3,61.11
211,1997-02-23,5,141.6
211,1997-03-14,3,37.51
211,1997-03-22,6,80.21
211,1997-04-11,5,68.05
211,1997-05-02,5,62.25
211,1997-05-15,4,51.94
211,1997-11-13,5,92.95
211,1997-11-25,2,24.48
211,1997-12-03,1,21.49
211,1997-12-30,2,30.98
211,1998-03-23,2,41.48
211,1998-06-27,3,61.47
2110,1997-03-16,4,115.88
2110,1997-06-17,1,15.76
2110,1997-11-21,3,19.47
2110,1998-01-03,1,15.99
2111,1997-03-16,1,17.3
2111,1997-03-27,2,42.29
2112,1997-03-16,1,19.77
2112,1997-10-09,1,17.99
2113,1997-03-16,1,21.77
2114,1997-03-16,1,9.99
2115,1997-03-16,1,14.96
2116,1997-03-16,2,26.14
2117,1997-03-16,3,46.32
2117,1997-07-27,1,14.37
2117,1998-02-26,3,44.33
2117,1998-05-03,2,19.48
2118,1997-03-16,2,22.96
2118,1997-11-08,3,34.97
2118,1998-02-15,2,32.48
2119,1997-03-16,1,14.99
2119,1997-04-15,10,176.86
212,1997-01-10,1,31.98
2120,1997-03-17,1,54.97
2120,1997-10-06,3,39.47
2121,1997-03-17,3,43.89
2121,1997-03-28,3,43.7
2121,1997-07-02,3,39.71
2121,1997-09-27,1,16.99
2121,1998-02-24,6,40.94
2122,1997-03-17,2,19.56
2123,1997-03-17,1,14.79
2123,1997-03-20,1,14.96
2123,1997-03-24,2,26.56
2123,1997-04-10,2,26.56
2123,1997-04-27,4,56.04
2123,1997-05-27,5,61.45
2123,1997-06-12,3,41.29
2124,1997-03-17,4,42.01
2125,1997-03-17,2,26.14
2126,1997-03-17,2,27.47
2127,1997-03-17,1,11.77
2128,1997-03-17,2,29.13
2128,1997-04-09,3,44.7
2128,1997-04-17,4,76.08
2128,1997-09-04,3,39.93
2128,1998-06-03,4,45.96
2128,1998-06-24,2,30.48
2129,1997-03-17,4,57.05
213,1997-01-10,1,13.97
213,1998-06-14,6,81.44
2130,1997-03-17,1,11.77
2131,1997-03-17,5,62.85
2132,1997-03-17,2,29.96
2132,1997-07-24,1,5.96
2132,1997-09-08,3,33.31
2132,1997-11-05,1,14.99
2132,1998-01-16,2,27.98
2133,1997-03-17,2,19.56
2133,1997-03-23,3,39.94
2133,1997-03-27,4,50
2133,1997-04-07,4,49.08
2133,1997-04-22,3,40.7
2133,1997-05-23,1,22.97
2134,1997-03-17,5,71.83
2135,1997-03-17,1,23.99
2135,1997-04-11,4,47.28
2136,1997-03-17,1,14.37
2137,1997-03-17,1,15.36
2138,1997-03-17,1,13.97
2138,1997-04-06,1,16.7
2138,1997-10-01,1,15.49
2139,1997-03-17,2,18.95
214,1997-01-10,1,14.96
2140,1997-03-17,1,21.99
2140,1997-05-06,1,24.99
2141,1997-03-17,1,14.37
2142,1997-03-17,1,26.77
2143,1997-03-17,2,30.32
2143,1997-07-09,2,38.74
2143,1997-07-14,3,44.91
2143,1998-04-16,2,26.98
2143,1998-04-29,3,38.47
2144,1997-03-17,2,23.94
2145,1997-03-17,2,25.56
2145,1997-04-24,1,11.77
2146,1997-03-17,2,28.76
2146,1997-03-30,1,15.36
2146,1997-09-05,1,11.77
2146,1997-10-18,4,58.96
2147,1997-03-17,1,11.77
2148,1997-03-18,1,18.77
2149,1997-03-18,7,101.41
2149,1997-07-17,7,91.73
2149,1997-07-18,3,44.71
2149,1997-07-28,5,60.04
2149,1997-08-12,1,14.37
2149,1997-09-05,1,14.96
2149,1997-09-18,1,12.99
2149,1997-09-22,2,25.98
2149,1997-10-02,1,14.49
2149,1997-10-16,1,12.99
2149,1997-10-22,6,92.94
2149,1997-11-05,2,28.98
2149,1997-11-07,13,171.87
2149,1997-11-09,3,42.97
2149,1997-11-13,2,25.98
2149,1997-11-14,3,38.97
2149,1997-11-21,5,68.95
2149,1997-12-01,3,40.97
2149,1997-12-08,5,53.45
2149,1997-12-14,10,126.4
2149,1997-12-25,1,11.49
2149,1997-12-30,1,11.49
2149,1998-01-04,2,18.98
2149,1998-01-07,6,98.94
2149,1998-01-14,1,11.49
2149,1998-03-04,4,55.05
2149,1998-03-13,5,60.23
2149,1998-03-17,6,71.44
2149,1998-05-26,1,12.99
215,1997-01-10,1,19.99
215,1997-07-27,1,14.96
215,1997-08-01,1,13.97
215,1997-12-08,2,24.48
2150,1997-03-18,2,23.34
2151,1997-03-18,2,16.77
2152,1997-03-18,11,121.29
2152,1997-04-13,6,81
2152,1997-06-26,1,16.36
2152,1997-11-11,5,107.45
2152,1998-03-16,2,39.48
2153,1997-03-18,6,77.82
2154,1997-03-18,5,53.47
2154,1997-08-17,1,15.36
2154,1997-08-18,2,29.73
2154,1997-12-31,1,28.99
2154,1998-03-07,1,12.99
2155,1997-03-18,3,33.27
2155,1997-04-01,1,16.76
2155,1997-04-07,1,13.97
2155,1997-10-11,1,11.99
2155,1998-02-22,3,42.97
2156,1997-03-18,3,22.73
2157,1997-03-18,1,21.99
2158,1997-03-18,1,14.37
2159,1997-03-18,10,156.49
216,1997-01-10,1,14.96
216,1998-03-28,2,24.98
2160,1997-03-18,3,51.92
2161,1997-03-18,1,16.79
2161,1997-04-01,2,32.74
2161,1997-05-16,3,43.51
2162,1997-03-18,2,32.29
2163,1997-03-18,5,68.85
2163,1997-03-23,4,45.48
2163,1997-03-31,4,50.47
2163,1997-04-06,3,58.09
2163,1997-05-04,4,51.28
2163,1997-06-22,4,52.28
2163,1997-07-26,4,70.07
2163,1997-08-16,3,40.1
2163,1997-09-27,4,47.96
2164,1997-03-18,4,37.84
2165,1997-03-18,2,22.74
2165,1998-05-18,1,9.49
2166,1997-03-18,2,21.54
2166,1997-03-24,2,21.54
2166,1997-05-02,2,22.54
2166,1997-07-09,2,25.14
2166,1997-07-15,1,9.98
2166,1997-07-25,1,13.97
2167,1997-03-18,1,14.37
2167,1997-10-22,1,12.99
2168,1997-03-18,1,11.77
2168,1997-05-16,1,14.37
2168,1997-12-11,2,24.98
2168,1998-01-11,1,24.99
2169,1997-03-18,1,21.97
217,1997-01-10,1,13.97
217,1997-01-28,2,25.74
217,1997-02-26,3,37.9
217,1997-06-14,3,44.29
217,1997-06-29,3,41.1
217,1998-04-18,2,25.98
2170,1997-03-18,1,13.97
2170,1997-03-28,1,15.36
2171,1997-03-18,2,16.75
2172,1997-03-18,2,21.54
2172,1997-04-12,2,19.54
2172,1997-10-03,3,29.97
2172,1997-11-21,3,51.97
2172,1997-12-03,2,42.48
2173,1997-03-18,1,10.77
2174,1997-03-18,2,29.92
2174,1998-03-09,2,25.37
2175,1997-03-18,1,26.99
2175,1997-06-05,1,29.6
2175,1998-06-25,1,20.99
2176,1997-03-18,1,49.99
2177,1997-03-18,1,9.77
2177,1997-03-24,1,12.97
2177,1997-04-18,1,9.77
2177,1997-05-13,1,14.96
2177,1997-12-24,1,13.99
2178,1997-03-18,1,15.36
2179,1997-03-19,8,119.36
2179,1997-03-22,1,13.97
2179,1997-08-10,6,95.2
2179,1997-10-07,5,118.45
2179,1997-11-01,6,101.94
2179,1997-11-07,1,12.99
218,1997-01-11,5,63.25
218,1998-02-21,5,70.38
2180,1997-03-19,1,38.77
2180,1997-11-11,4,58.46
2181,1997-03-19,3,38.51
2182,1997-03-19,1,16.36
2183,1997-03-19,2,27.34
2183,1997-03-22,3,42.13
2183,1997-06-15,4,82.33
2183,1998-04-12,1,13.49
2183,1998-05-07,2,30.48
2184,1997-03-19,3,44.13
2184,1997-08-03,2,26.33
2185,1997-03-19,4,74.07
2186,1997-03-19,4,43.08
2186,1997-11-04,1,27.99
2187,1997-03-19,1,9.98
2188,1997-03-19,1,9.99
2189,1997-03-19,1,14.79
2189,1997-03-20,1,14.79
219,1997-01-11,3,41.75
219,1997-04-25,1,14.99
2190,1997-03-19,1,8.77
2191,1997-03-19,7,96.97
2191,1997-04-02,4,51.87
2191,1997-09-15,5,67.45
2192,1997-03-19,1,12.49
2192,1997-10-08,2,15.48
2193,1997-03-19,1,18.99
2194,1997-03-19,1,11.97
2195,1997-03-19,1,13.97
2196,1997-03-19,1,6.79
2196,1997-06-11,1,11.78
2196,1997-09-01,1,12.25
2197,1997-03-19,1,15.76
2198,1997-03-19,1,5.78
2199,1997-03-19,2,28.98
2199,1997-05-10,1,9.98
2199,1998-06-05,2,25.16
22,1997-01-02,1,8.77
220,1997-01-11,1,21.99
220,1997-07-22,2,21.74
2200,1997-03-19,2,30.15
2201,1997-03-19,3,56.97
2201,1997-08-31,2,37.95
2202,1997-03-19,4,59.45
2202,1997-07-27,7,100.59
2202,1997-09-06,5,75.2
2202,1998-01-29,8,110.93
2203,1997-03-19,1,12.49
2204,1997-03-19,1,11.77
2204,1998-04-18,1,19.52
2205,1997-03-19,8,99.54
2205,1997-03-31,8,100.37
2206,1997-03-19,1,15.36
2207,1997-03-20,1,10.77
2207,1997-04-29,1,26.95
2207,1997-05-12,1,14.96
2207,1998-02-09,3,42.06
2208,1997-03-20,2,23.54
2208,1997-11-27,2,10.98
2209,1997-03-20,2,24.34
221,1997-01-11,1,21.77
2210,1997-03-20,1,14.99
2210,1997-06-08,1,11.77
2210,1997-08-21,2,18.54
2210,1997-09-16,2,24.98
2210,1997-10-22,1,29.49
2211,1997-03-20,1,15.36
2212,1997-03-20,1,14.37
2213,1997-03-20,2,24.98
2213,1998-03-08,2,11.98
2214,1997-03-20,1,15.36
2214,1997-08-18,1,5.96
2215,1997-03-20,2,27.94
2216,1997-03-20,2,37.98
2217,1997-03-20,1,12.97
2218,1997-03-20,1,14.96
2218,1997-06-26,1,11.77
2219,1997-03-20,1,12.49
222,1997-01-11,1,11.77
2220,1997-03-20,4,55.66
2220,1997-03-25,1,14.96
2220,1997-04-04,1,9.77
2220,1997-04-11,2,23.54
2220,1997-04-14,1,6.77
2220,1997-04-23,1,8.97
2220,1997-04-26,3,38.13
2220,1997-06-07,1,12.77
2220,1997-09-06,1,15.36
2220,1997-09-13,1,11.99
2220,1997-10-21,1,12.99
2220,1997-11-01,1,9.99
2220,1997-11-22,1,13.99
2220,1997-11-26,3,36.97
2220,1997-12-15,3,37.47
2220,1998-02-01,1,12.99
2220,1998-02-12,1,12.49
2220,1998-03-08,1,11.99
2220,1998-03-09,1,9.49
2220,1998-03-12,3,37.47
2220,1998-04-03,1,11.88
2220,1998-06-10,1,10.99
2221,1997-03-20,5,70.66
2221,1997-05-22,15,214.7
2221,1997-06-18,1,14.96
2221,1997-08-08,8,147.15
2221,1997-10-03,13,188.37
2221,1997-10-14,1,15.49
2221,1998-02-27,17,263.6
2221,1998-03-17,1,103.99
2222,1997-03-20,6,73.22
2222,1997-10-05,1,12.99
2222,1998-03-13,3,28.47
2223,1997-03-20,1,4.79
2224,1997-03-20,3,69.97
2225,1997-03-20,2,21.54
2226,1997-03-20,1,11.97
2227,1997-03-20,1,15.36
2227,1997-11-30,2,17.48
2228,1997-03-21,2,28.34
2228,1997-06-13,3,38.9
2228,1997-08-06,2,30.92
2228,1997-08-07,1,15.36
2228,1998-02-23,7,77.93
2228,1998-02-24,4,41.96
2228,1998-02-26,2,25.48
2228,1998-02-27,3,44.97
2228,1998-03-23,2,30.98
2228,1998-04-22,4,47.96
2228,1998-04-30,1,11.49
2229,1997-03-21,1,14.79
223,1997-01-11,5,69.29
2230,1997-03-21,2,12.76
2231,1997-03-21,3,36.91
2231,1997-07-28,3,35.91
2231,1997-09-22,4,46.96
2232,1997-03-21,1,13.97
2233,1997-03-21,2,27.76
2233,1997-09-28,3,38.97
2234,1997-03-21,1,14.37
2234,1997-08-18,3,71.5
2234,1998-06-03,2,28.98
2234,1998-06-11,1,12.49
2235,1997-03-21,3,43.3
2235,1997-05-14,2,39.98
2236,1997-03-21,5,68.24
2237,1997-03-21,2,28.13
2237,1998-01-29,2,32.48
2238,1997-03-21,1,14.96
2239,1997-03-21,3,41.31
2239,1997-03-31,3,41.31
2239,1997-05-05,3,49.91
2239,1997-10-29,3,36.47
2239,1997-11-06,3,39.47
2239,1997-11-10,3,35.97
2239,1998-03-19,3,44.97
2239,1998-04-27,3,38.97
2239,1998-06-23,3,43.97
224,1997-01-11,1,11.77
2240,1997-03-21,1,16.36
2240,1997-04-04,1,11.77
2240,1997-04-09,1,15.96
2240,1997-05-13,4,61.24
2240,1997-05-30,2,29.92
2240,1997-06-01,2,25.73
2240,1997-09-30,3,41.97
2240,1998-03-10,2,28.84
2241,1997-03-21,2,30.72
2242,1997-03-21,3,51.1
2243,1997-03-21,1,13.97
2244,1997-03-21,1,11.77
2245,1997-03-21,1,19.99
2246,1997-03-21,3,47.28
2247,1997-03-22,7,112.2
2248,1997-03-22,3,44.3
2248,1998-02-11,3,34.47
2249,1997-03-22,2,33.37
225,1997-01-11,2,24.54
2250,1997-03-22,3,57.74
2250,1997-05-29,1,18.76
2251,1997-03-22,1,15.76
2252,1997-03-22,5,72.63
2252,1997-05-20,1,13.77
2253,1997-03-22,3,58.71
2253,1997-12-02,2,32.48
2253,1998-02-06,13,84.87
2254,1997-03-22,4,47.48
2254,1997-04-17,4,61.24
2254,1998-04-15,2,14.87
2255,1997-03-22,1,13.97
2256,1997-03-22,2,15.76
2257,1997-03-22,3,44.13
2258,1997-03-22,5,72.45
2259,1997-03-22,3,43.11
226,1997-01-11,1,11.77
226,1997-02-08,1,15.7
226,1997-04-01,1,24.99
2260,1997-03-22,2,28.34
2260,1997-05-24,8,95.95
2260,1997-12-23,2,30.98
2261,1997-03-22,4,55.48
2261,1997-05-03,5,73.25
2261,1997-06-12,4,67.77
2261,1997-06-21,6,79.21
2261,1997-08-30,6,99.2
2261,1997-10-20,5,65.95
2261,1997-11-16,4,53.46
2261,1998-01-15,1,12.99
2261,1998-03-29,6,87.94
2261,1998-03-31,9,113.56
2261,1998-04-22,4,54.35
2261,1998-05-18,6,72.94
2261,1998-06-13,4,49.96
2261,1998-06-21,3,38.47
2262,1997-03-22,2,36.76
2263,1997-03-22,3,44.29
2263,1997-11-10,1,13.99
2263,1997-12-05,3,23.47
2263,1997-12-13,3,38.97
2263,1997-12-17,3,37.47
2264,1997-03-22,2,22.54
2264,1997-08-12,7,127.09
2264,1997-09-27,2,27.48
2265,1997-03-22,1,13.97
2265,1997-12-12,1,9.49
2265,1998-01-07,1,13.99
2265,1998-05-24,4,39.46
2265,1998-06-13,1,11.49
2266,1997-03-22,1,11.77
2267,1997-03-22,4,49.68
2267,1998-03-01,6,74.53
2268,1997-03-22,1,19.99
2269,1997-03-22,1,12.9
227,1997-01-11,1,0
2270,1997-03-22,1,24.99
2270,1997-07-14,1,14.96
2271,1997-03-23,1,34.77
2272,1997-03-23,2,21.76
2273,1997-03-23,1,11.77
2274,1997-03-23,3,60.19
2274,1997-04-26,1,26.99
2275,1997-03-23,2,29.73
2276,1997-03-23,1,26.77
2276,1997-12-18,2,48.98
2276,1997-12-21,2,32.48
2276,1997-12-23,2,19.48
2276,1998-01-06,2,42.48
2276,1998-01-19,1,45.49
2276,1998-01-25,4,123.46
2276,1998-02-01,1,64.49
2276,1998-02-14,1,45.49
2276,1998-04-08,1,45.49
2277,1997-03-23,2,44.73
2278,1997-03-23,2,28.73
2278,1997-08-25,3,45.29
2279,1997-03-23,2,28.47
228,1997-01-11,1,22.97
228,1997-01-25,1,13.97
2280,1997-03-23,2,33.72
2280,1997-06-15,1,18.77
2280,1997-08-15,3,40.53
2280,1997-10-09,2,26.48
2280,1997-12-12,1,22.49
2280,1998-01-29,2,22.98
2280,1998-02-08,3,47.47
2280,1998-03-01,1,23.99
2280,1998-05-06,2,32.27
2280,1998-06-17,1,15.99
2281,1997-03-23,1,11.77
2282,1997-03-23,2,29.14
2282,1997-03-28,1,14.37
2283,1997-03-23,1,7.78
2284,1997-03-23,1,14.37
2285,1997-03-23,3,36.9
2285,1997-03-30,4,57.09
2285,1997-04-04,1,11.77
2285,1997-04-20,4,49.48
2285,1997-05-03,4,59.16
2285,1997-05-21,2,30.32
2285,1997-06-24,3,42.92
2286,1997-03-23,1,19.77
2287,1997-03-23,3,35.91
2287,1997-12-02,2,27.98
2288,1997-03-23,3,41.31
2289,1997-03-23,1,14.99
229,1997-01-11,2,22.74
229,1997-01-24,1,9.77
2290,1997-03-23,2,27.13
2290,1997-07-12,2,29.33
2291,1997-03-23,1,13.97
2292,1997-03-23,1,11.77
2293,1997-03-23,2,33.72
2293,1997-04-06,1,14.37
2293,1997-07-09,2,29.92
2293,1998-01-18,1,12.99
2293,1998-06-14,3,39.86
2294,1997-03-23,2,20.76
2294,1997-04-18,2,22.74
2294,1997-04-30,2,40.48
2294,1997-05-20,3,87.04
2294,1997-06-19,1,15.36
2294,1997-07-08,2,27.43
2294,1997-08-18,1,14.96
2294,1997-10-16,1,11.99
2294,1997-10-27,1,16.99
2294,1998-02-06,5,52.88
2294,1998-02-18,3,48.97
2295,1997-03-24,2,20.76
2295,1997-10-16,2,18.98
2295,1998-01-26,1,2.99
2296,1997-03-24,3,45.11
2296,1997-06-17,2,25.34
2297,1997-03-24,2,35.95
2298,1997-03-24,1,29.99
2299,1997-03-24,1,39.37
23,1997-01-02,1,14.7
230,1997-01-11,1,12.49
230,1997-08-27,5,50.52
230,1997-08-30,1,6.78
230,1998-05-28,1,23.99
2300,1997-03-24,1,15.99
2301,1997-03-24,2,26.73
2301,1997-06-16,3,36.74
2301,1997-08-04,1,39.99
2301,1998-03-14,3,39.45
2302,1997-03-24,1,14.96
2303,1997-03-24,1,14.37
2303,1997-04-03,2,26.94
2303,1997-04-12,2,30.72
2303,1997-05-23,3,44.69
2303,1997-06-20,3,41.5
2303,1997-08-03,3,56.7
2303,1997-08-18,1,11.77
2303,1997-09-04,4,57.66
2303,1998-02-06,3,42.47
2303,1998-06-11,3,44.47
2304,1997-03-24,1,13.38
2305,1997-03-24,1,17.9
2305,1997-09-11,2,27.98
2305,1997-10-20,1,7.49
2305,1997-11-29,2,28.98
2306,1997-03-24,3,41.1
2306,1997-04-30,3,41.1
2306,1997-05-21,3,39.71
2306,1997-12-16,2,24.48
2307,1997-03-24,1,11.77
2307,1997-05-06,1,14.96
2307,1998-01-21,1,11.88
2308,1997-03-24,2,53.96
2308,1997-04-04,2,28.93
2309,1997-03-24,2,31.92
2309,1997-03-27,1,15.96
2309,1998-04-02,4,68.96
231,1997-01-11,4,58.28
231,1997-11-19,1,22.49
231,1998-05-12,5,72.04
2310,1997-03-24,2,27.28
2311,1997-03-24,3,38.33
2312,1997-03-24,1,11.77
2312,1997-09-21,1,12.49
2312,1997-11-09,1,12.49
2312,1998-01-19,1,12.49
2312,1998-02-07,1,12.49
2312,1998-03-30,3,36.94
2312,1998-06-28,1,33.99
2313,1997-03-24,1,14.37
2313,1997-04-22,2,26.14
2313,1997-05-20,1,11.77
2313,1997-06-01,4,39.96
2313,1997-06-02,1,11.77
2313,1997-07-28,1,13.77
2314,1997-03-24,4,59.25
2315,1997-03-24,3,34.31
2315,1997-05-18,4,50.87
2316,1997-03-24,1,15.96
2316,1998-06-02,1,14.99
2317,1997-03-24,3,37.5
2318,1997-03-24,1,19.97
2318,1997-04-26,2,37.73
2318,1997-06-25,2,9.58
2318,1998-06-16,2,26.87
2318,1998-06-23,1,13.98
2319,1997-03-24,1,12.77
232,1997-01-11,1,17.36
232,1997-06-01,2,29.73
232,1997-06-18,2,26.14
232,1997-09-24,1,10.99
232,1997-11-20,1,76.99
232,1998-05-16,2,18.64
232,1998-05-31,2,26.57
232,1998-06-22,3,38.47
2320,1997-03-24,3,41.91
2321,1997-03-24,1,29.99
2321,1998-01-22,1,29.49
2322,1997-03-24,2,33.14
2323,1997-03-24,1,13.99
2324,1997-03-24,1,23.99
2325,1997-03-24,1,21.7
2325,1997-04-11,1,22.99
2326,1997-03-24,2,18.74
2327,1997-03-24,5,63.84
2328,1997-03-25,2,19.98
2328,1997-08-22,3,34.97
2329,1997-03-25,1,11.77
233,1997-01-11,2,29.92
2330,1997-03-25,2,29.92
2330,1997-06-29,1,15.36
2330,1997-10-22,2,28.98
2330,1997-10-31,1,17.49
2330,1998-01-14,2,25.98
2330,1998-03-04,1,11.88
2330,1998-05-18,2,20.27
2331,1997-03-25,2,27.94
2332,1997-03-25,12,173.19
2332,1997-04-22,16,227.24
2332,1997-05-16,9,131.28
2332,1997-05-26,9,118.09
2332,1997-06-10,9,125.5
2332,1997-06-24,9,132.67
2333,1997-03-25,3,37.5
2333,1997-08-15,5,68.63
2333,1998-03-09,5,88.13
2334,1997-03-25,12,163.38
2335,1997-03-25,4,43.68
2335,1997-04-12,3,32.91
2336,1997-03-25,1,11.77
2336,1997-04-01,1,14.96
2336,1997-05-12,2,28.74
2336,1997-11-07,2,27.48
2336,1997-12-27,1,5.49
2337,1997-03-25,2,27.94
2338,1997-03-25,1,12.49
2339,1997-03-25,1,19.99
2339,1997-06-15,1,21
234,1997-01-11,3,35.31
2340,1997-03-25,3,44.52
2340,1997-05-08,3,44.89
2340,1997-07-26,3,42.71
2340,1997-10-12,2,28.98
2340,1998-01-25,3,39.47
2340,1998-02-25,2,26.36
2340,1998-03-10,3,44.56
2341,1997-03-25,1,15.36
2342,1997-03-25,4,65.47
2342,1997-05-08,3,52.69
2342,1997-11-05,1,13.99
2342,1997-12-23,1,13.49
2343,1997-03-25,2,31.92
2343,1998-03-02,7,61.93
2343,1998-04-27,3,44.47
2344,1997-03-25,3,42.44
2344,1997-05-12,1,11.77
2344,1997-06-17,1,18.7
2344,1998-02-12,1,13.49
2344,1998-03-24,1,11.49
2344,1998-05-24,1,9.49
2345,1997-03-25,1,11.77
2346,1997-03-25,1,56.97
2346,1997-05-17,1,11.77
2346,1998-05-16,1,9.99
2347,1997-03-25,5,60.66
2347,1997-04-04,4,50.28
2347,1997-06-02,1,14.99
2347,1997-11-09,4,53.46
2347,1997-12-30,4,51.96
2347,1998-02-24,5,58.45
2347,1998-05-23,1,11.49
2348,1997-03-25,1,13.97
2348,1997-05-07,1,15.36
2348,1997-05-09,1,14.37
2348,1997-05-29,1,14.37
2348,1997-06-25,1,14.37
2348,1997-07-05,1,15.36
2348,1997-07-19,2,26.73
2348,1997-09-10,1,13.99
2348,1997-10-10,1,14.99
2348,1998-02-04,1,12.99
2349,1997-03-25,1,14.37
2349,1997-05-29,1,13.97
235,1997-01-11,1,11.77
2350,1997-03-25,2,43.74
2350,1997-08-12,1,15.36
2350,1997-08-25,2,21.75
2350,1997-10-13,2,18.48
2350,1997-12-15,4,66.96
2351,1997-03-25,1,14.37
2352,1997-03-25,1,13.97
2352,1998-02-22,1,14.49
2353,1997-03-25,2,29.92
2353,1998-02-02,1,13.57
2353,1998-03-30,2,25.98
2354,1997-03-25,1,39.99
2354,1997-06-19,1,12.99
2354,1997-08-08,4,102.36
2354,1997-08-15,4,85.75
2354,1997-09-04,1,11.77
2354,1997-09-11,1,11.77
2355,1997-03-25,1,11.77
2355,1998-02-01,2,24.6
2356,1997-03-25,1,11.77
2356,1997-06-10,2,26.73
2356,1997-07-19,2,29.33
2356,1997-07-26,3,45.74
2356,1997-09-27,3,31.47
2356,1998-01-03,2,28.98
2356,1998-06-07,2,28.98
2357,1997-03-25,2,25.74
236,1997-01-11,1,5.78
237,1997-01-11,1,15.96
238,1997-01-11,1,16.7
239,1997-01-11,1,14.37
24,1997-01-02,1,14.96
240,1997-01-11,5,58.85
241,1997-01-11,1,22.7
241,1997-10-07,1,11.99
241,1997-10-16,1,14.49
241,1997-11-20,1,19.99
241,1997-12-05,1,21.49
241,1998-02-11,2,24.98
242,1997-01-11,1,14.37
242,1997-03-01,1,14.96
242,1997-03-13,1,13.97
242,1997-07-11,3,37.51
242,1997-08-19,2,29.92
242,1998-03-21,1,27.99
243,1997-01-12,7,94.4
243,1997-03-11,4,55.28
243,1998-02-10,7,95.43
243,1998-03-07,12,187.68
243,1998-03-10,2,27.98
243,1998-03-22,4,50.35
244,1997-01-12,1,15.96
244,1997-01-20,9,238.78
244,1997-02-03,7,164.93
244,1997-02-09,4,142.96
244,1997-02-14,6,308.22
244,1997-02-17,8,119.43
245,1997-01-12,1,10.77
246,1997-01-12,5,78.2
247,1997-01-12,2,29.58
247,1997-02-08,3,40.9
247,1997-06-29,2,31.32
248,1997-01-12,1,19.99
249,1997-01-12,2,26.73
249,1997-01-25,2,30.32
25,1997-01-02,2,87.74
25,1997-12-21,1,14.99
250,1997-01-12,2,31.78
250,1997-05-19,2,27.73
250,1997-06-04,2,26.14
250,1997-10-08,2,27.98
251,1997-01-12,1,14.96
252,1997-01-12,2,27.13
253,1997-01-12,1,13.97
253,1997-08-24,1,16.36
253,1998-04-06,1,12.99
254,1997-01-12,1,4.99
255,1997-01-12,4,59.85
255,1997-01-15,1,11.77
255,1997-11-03,3,38.47
255,1997-11-12,13,195.37
256,1997-01-12,1,11.77
257,1997-01-12,2,23.54
257,1997-03-17,1,37.3
257,1997-03-23,1,14.37
257,1997-04-04,4,53.48
257,1997-04-23,1,14.37
257,1997-05-05,3,41.1
257,1998-01-24,2,24.48
258,1997-01-12,2,59.54
259,1997-01-12,1,16.7
26,1997-01-02,1,3.99
26,1997-01-13,14,227.14
260,1997-01-12,3,46.47
260,1997-02-22,3,38.77
261,1997-01-12,1,12.49
261,1997-06-02,3,62.97
261,1997-07-31,3,42.9
262,1997-01-12,2,26.14
263,1997-01-12,2,28.74
263,1997-09-27,5,64.45
263,1998-02-25,4,93.46
264,1997-01-12,5,47.48
265,1997-01-12,12,166.75
266,1997-01-12,1,11.77
266,1997-01-13,1,11.77
267,1997-01-12,1,9.98
267,1997-09-01,2,24.73
267,1997-09-18,1,17.99
267,1998-03-22,2,29.48
268,1997-01-12,3,44.88
268,1997-02-21,6,90.83
269,1997-01-13,2,26.73
27,1997-01-02,1,15.9
270,1997-01-13,5,99.83
270,1997-01-27,3,79.72
271,1997-01-13,3,43.53
272,1997-01-13,1,26.99
272,1997-02-09,3,41.82
272,1997-10-21,1,12.49
273,1997-01-13,1,14.37
274,1997-01-13,1,15.9
274,1997-03-30,1,14.9
274,1997-06-12,1,14.99
274,1997-07-02,2,31.6
275,1997-01-13,2,21.54
275,1997-09-08,2,25.74
275,1997-10-16,2,31.98
275,1997-11-05,3,29.47
275,1997-11-21,1,7.49
276,1997-01-13,2,23.49
276,1997-01-18,1,11.77
276,1997-01-25,1,5.78
276,1997-03-15,3,50.71
276,1997-03-21,1,9.77
276,1997-03-29,1,13.97
276,1997-04-01,1,14.37
276,1997-05-18,1,13.77
276,1997-06-17,2,24.02
276,1997-06-21,1,6.79
276,1997-07-16,1,13.97
276,1997-07-30,2,24.02
276,1997-08-12,2,27.56
276,1997-08-16,1,11.77
276,1998-01-14,1,5.99
277,1997-01-13,1,31.97
278,1997-01-13,1,15.36
279,1997-01-13,1,14.79
28,1997-01-02,2,26.14
28,1997-07-27,4,80.46
280,1997-01-13,1,18.36
281,1997-01-13,1,14.37
282,1997-01-13,4,59.66
282,1997-05-22,10,151.98
282,1997-05-28,4,48.28
282,1997-05-29,5,62.04
283,1997-01-13,1,17.76
283,1997-02-09,2,28.73
283,1997-08-20,1,15.76
283,1997-08-31,1,14.37
284,1997-01-13,3,33.38
284,1997-02-03,2,36.67
285,1997-01-13,3,40.11
286,1997-01-13,1,0
287,1997-01-13,2,179.98
287,1997-03-05,2,30.33
287,1997-08-19,1,19.55
287,1997-08-22,2,52.03
287,1997-10-15,1,17.49
287,1997-10-19,2,28.48
287,1998-01-15,1,12.49
287,1998-02-24,2,36.48
287,1998-03-27,2,38.98
288,1997-01-13,2,30.72
289,1997-01-13,1,44.3
289,1997-01-17,1,36.99
289,1997-03-13,1,15.99
289,1997-09-23,2,59.98
289,1997-09-24,2,24.98
289,1997-09-25,2,46.98
289,1997-10-27,2,27.98
289,1997-11-24,2,24.98
289,1998-01-06,1,11.99
289,1998-03-04,3,47.65
289,1998-03-09,1,22.49
289,1998-03-25,1,12.99
29,1997-01-02,1,46.37
290,1997-01-13,2,26.94
291,1997-01-13,5,69.22
291,1997-02-10,4,58.68
291,1997-09-18,5,71.45
292,1997-01-13,1,15.36
292,1997-01-16,2,20.75
293,1997-01-13,2,29.73
294,1997-01-13,1,15.36
294,1997-01-18,1,18.99
294,1997-10-23,2,44.48
294,1998-03-01,3,101.97
295,1997-01-13,1,20.99
296,1997-01-13,1,12.77
297,1997-01-14,3,35.31
297,1997-05-01,6,76.41
297,1997-12-13,28,359.72
298,1997-01-14,5,53.25
298,1997-01-22,1,12.97
298,1997-11-29,9,61.41
298,1998-01-09,4,35.96
298,1998-02-22,6,32.94
299,1997-01-14,2,19.28
3,1997-01-01,1,6.79
30,1997-01-02,2,28.76
30,1997-02-12,2,40.47
300,1997-01-14,8,126.9
301,1997-01-14,2,38.13
302,1997-01-14,3,69.97
302,1997-02-22,1,12.77
302,1997-06-24,2,26.49
302,1997-09-12,1,20.99
303,1997-01-14,1,5.99
303,1997-09-25,2,31.48
304,1997-01-14,1,15.36
304,1997-05-19,3,69.84
304,1998-06-13,2,23.76
305,1997-01-14,1,23.99
306,1997-01-14,1,14.37
306,1997-02-07,1,14.37
306,1998-03-21,1,11.49
307,1997-01-14,1,13.97
308,1997-01-14,1,15.36
309,1997-01-14,1,11.77
31,1997-01-02,1,44.77
310,1997-01-14,6,84.94
310,1997-01-31,1,14.99
310,1997-02-02,5,74.95
310,1997-02-12,4,59.96
310,1997-02-13,3,45.34
311,1997-01-14,1,14.37
312,1997-01-14,4,57.1
312,1997-05-17,2,28.73
312,1997-09-13,2,22.48
312,1997-11-09,7,51.43
312,1998-02-15,4,42.46
312,1998-05-11,6,64.44
313,1997-01-14,3,51.15
314,1997-01-14,3,48.51
314,1997-01-15,1,50.97
314,1997-06-26,6,92.17
314,1997-07-27,12,137.05
314,1998-03-09,18,222.3
315,1997-01-14,1,14.7
316,1997-01-14,2,28.74
317,1997-01-14,2,29.58
317,1997-06-02,2,29.75
317,1997-10-07,1,12.99
318,1997-01-14,4,52.27
319,1997-01-14,1,12.49
319,1997-05-10,2,48.94
319,1997-11-30,3,42.97
319,1997-12-08,1,12.49
32,1997-01-02,1,10.77
320,1997-01-14,1,15.36
320,1998-06-30,1,11.88
321,1997-01-14,1,10.77
321,1997-04-21,4,53.27
321,1997-08-26,5,68.22
321,1998-05-09,1,12.58
322,1997-01-15,3,57.51
323,1997-01-15,2,53.54
323,1997-03-18,1,41.77
324,1997-01-15,1,6.79
324,1997-01-16,1,7.98
324,1997-01-21,1,10.77
324,1997-02-03,2,28.93
324,1998-01-18,4,53.96
324,1998-03-04,5,55.45
324,1998-03-25,2,25.98
324,1998-04-07,3,38.47
324,1998-04-12,3,50.25
324,1998-04-28,1,56.99
324,1998-06-21,2,30.98
325,1997-01-15,1,12.49
325,1997-01-29,3,36.28
325,1997-01-30,3,35.55
325,1997-02-10,8,80.46
325,1997-02-13,2,28.74
325,1997-02-22,5,40.05
325,1997-03-01,1,12.77
325,1997-03-07,3,24.47
325,1997-03-13,3,28.54
325,1997-03-16,2,24.98
325,1997-03-19,4,78.98
325,1997-03-27,2,24.98
325,1997-03-28,1,29.99
325,1997-04-08,1,26.99
325,1997-04-10,2,34.95
325,1997-04-11,1,11.77
325,1997-04-27,3,51.53
325,1997-04-28,1,12.49
325,1997-04-29,3,20.37
325,1997-04-30,3,31.97
325,1997-05-01,1,27.97
325,1997-05-19,6,83.94
325,1997-05-25,4,50.97
325,1997-05-28,3,20.37
325,1997-06-20,6,85.26
325,1997-07-25,2,25.98
325,1998-01-05,6,66.94
325,1998-04-27,1,12.99
326,1997-01-15,1,23.99
327,1997-01-15,1,19.97
328,1997-01-15,1,12.7
329,1997-01-15,2,39.96
33,1997-01-02,1,25.99
330,1997-01-15,9,119.76
330,1997-01-20,7,92.79
330,1997-01-30,3,36.5
330,1997-02-08,7,94.57
330,1997-03-19,1,13.97
330,1997-06-22,4,59.28
330,1997-10-12,1,24.49
331,1997-01-15,1,14.7
332,1997-01-15,5,64.23
332,1997-01-20,1,11.77
332,1997-04-24,1,9.98
333,1997-01-15,1,14.96
334,1997-01-15,1,15.36
335,1997-01-15,2,26.14
336,1997-01-15,4,49.28
336,1997-01-23,1,13.97
336,1997-02-05,6,66.22
336,1997-02-07,7,98.18
336,1997-09-10,2,36.48
336,1997-09-24,1,10.49
336,1997-11-26,10,113.9
336,1997-12-15,2,20.98
337,1997-01-15,1,11.99
338,1997-01-15,1,11.77
338,1998-04-01,1,9.49
338,1998-04-14,1,13.99
338,1998-05-15,2,24.48
339,1997-01-15,1,8.77
339,1997-06-21,1,9.77
339,1998-03-19,1,14.42
34,1997-01-02,1,14.99
340,1997-01-15,2,30.13
341,1997-01-15,1,19.99
342,1997-01-15,1,27.99
343,1997-01-15,2,29.98
344,1997-01-16,3,39.7
344,1997-03-15,1,15.7
344,1997-06-23,1,15.7
344,1997-11-21,1,22.49
345,1997-01-16,2,21.98
346,1997-01-16,4,39.3
347,1997-01-16,1,15.36
348,1997-01-16,1,6.79
348,1997-06-23,1,4.79
349,1997-01-16,1,17.9
35,1997-01-02,1,11.77
35,1997-07-11,2,31.14
35,1998-06-14,1,59.49
350,1997-01-16,7,128.36
350,1997-02-15,9,130.09
350,1997-06-23,2,27.94
351,1997-01-16,2,29.33
351,1997-03-24,1,12.77
352,1997-01-16,1,7.98
353,1997-01-16,2,11.56
354,1997-01-16,1,41.9
355,1997-01-16,3,44.12
356,1997-01-16,1,9.99
357,1997-01-16,3,46.68
357,1997-02-03,18,242.98
358,1997-01-16,1,23.99
358,1997-03-06,4,58.46
358,1997-07-01,1,13.97
359,1997-01-16,1,15.36
36,1997-01-02,1,14.96
360,1997-01-16,1,17.36
361,1997-01-16,1,19.99
362,1997-01-16,1,7.78
363,1997-01-16,1,24.99
363,1997-02-21,1,9.77
363,1997-03-31,1,9.77
364,1997-01-16,4,47.48
364,1997-01-29,2,19.74
364,1997-03-11,4,58.06
364,1997-04-10,3,63.31
364,1997-08-05,2,26.14
364,1997-10-01,3,38.97
365,1997-01-16,1,15.96
366,1997-01-17,1,11.77
367,1997-01-17,1,13.97
367,1997-04-09,9,176.45
367,1997-10-31,4,40.46
367,1998-05-07,8,125.92
368,1997-01-17,1,15.99
368,1997-04-03,1,30.99
368,1997-04-26,1,4.79
368,1997-05-19,2,43.48
368,1997-11-20,1,33.99
368,1998-02-18,3,31.97
369,1997-01-17,1,18.77
37,1997-01-02,3,34.97
370,1997-01-17,1,14.37
370,1997-04-26,2,24.74
370,1998-03-09,2,21.48
371,1997-01-17,1,6.78
371,1998-03-24,2,23.48
372,1997-01-17,1,14.37
373,1997-01-17,1,11.77
374,1997-01-17,1,14.37
375,1997-01-17,1,12.97
376,1997-01-17,2,29.33
376,1997-02-26,1,13.77
376,1998-02-04,2,29.48
376,1998-03-27,1,21.99
377,1997-01-17,3,27.55
377,1997-03-31,1,13.97
378,1997-01-17,1,8.79
378,1997-06-20,1,16.7
379,1997-01-17,1,15.36
38,1997-01-02,3,47
38,1997-01-17,1,13.97
380,1997-01-17,1,20
381,1997-01-17,1,14.99
382,1997-01-17,2,34.66
382,1997-01-23,1,17.3
382,1997-03-25,1,14.96
382,1997-05-01,2,28.34
382,1997-05-23,5,73.02
382,1997-07-01,3,45.43
382,1997-07-12,4,59.25
382,1997-07-26,1,14.96
382,1997-08-16,5,72.03
382,1997-09-01,1,13.97
382,1997-09-10,1,12.99
382,1997-09-29,3,55.97
382,1997-11-17,1,11.49
382,1997-11-18,1,11.49
382,1997-12-08,3,28.97
382,1997-12-11,1,11.49
382,1998-01-02,3,33.47
382,1998-02-26,1,17.49
382,1998-04-15,1,12.99
382,1998-05-19,1,13.99
382,1998-05-29,1,26.99
382,1998-06-25,1,12.99
383,1997-01-17,1,13.97
384,1997-01-17,3,43.69
385,1997-01-17,5,26.55
385,1997-01-27,1,12.49
385,1997-02-01,3,41.68
385,1997-04-19,1,12.77
385,1997-08-23,2,24.49
385,1997-10-19,3,61.97
385,1997-12-05,2,29.48
385,1998-01-24,1,12.49
386,1997-01-17,1,14.37
387,1997-01-17,2,30.73
388,1997-01-18,1,20.97
388,1997-05-05,7,100.59
389,1997-01-18,2,17.88
389,1997-02-24,1,14.79
389,1997-03-30,1,29.37
389,1997-12-18,2,27.98
39,1997-01-02,1,15.36
39,1997-10-09,1,16.99
390,1997-01-18,1,14.37
391,1997-01-18,2,42.73
392,1997-01-18,1,15.36
393,1997-01-18,1,15.36
394,1997-01-18,1,15.36
394,1997-07-18,12,189.64
395,1997-01-18,3,49.91
395,1997-02-18,2,23.54
396,1997-01-18,3,33.31
396,1997-12-15,3,38.97
397,1997-01-18,1,25.77
397,1997-02-21,1,16.96
397,1997-04-19,1,14.37
397,1997-06-16,1,11.77
398,1997-01-18,2,34.98
398,1997-03-15,1,29.99
399,1997-01-18,2,19.54
4,1997-01-01,1,13.97
40,1997-01-02,1,14.99
400,1997-01-18,2,23.54
401,1997-01-18,1,6.79
401,1997-06-05,2,24.02
401,1997-06-20,1,12.25
402,1997-01-18,2,20.75
403,1997-01-18,1,14.99
403,1997-05-13,1,46.37
403,1997-05-25,6,84.19
403,1997-06-26,1,25.97
403,1997-07-14,1,25.77
403,1997-07-15,5,64.43
403,1997-07-28,2,33.96
403,1997-08-20,1,19.99
403,1997-08-24,3,57.71
403,1997-12-06,6,93.94
403,1998-01-06,1,24.49
403,1998-02-28,2,24.87
403,1998-04-22,5,61.34
404,1997-01-18,1,20.97
404,1997-03-02,1,15.38
404,1998-02-12,2,18.98
405,1997-01-18,1,11.77
406,1997-01-18,2,32.74
406,1997-02-06,4,56.66
406,1997-05-09,1,11.77
407,1997-01-18,2,28.93
407,1997-08-29,1,14.96
407,1998-06-11,2,23.76
408,1997-01-18,3,44.29
409,1997-01-18,6,55.04
41,1997-01-03,1,11.77
410,1997-01-18,3,41.25
410,1997-06-19,2,28.34
410,1997-11-18,1,12.49
410,1998-04-05,2,24.48
410,1998-05-19,2,23.98
411,1997-01-18,4,56.66
412,1997-01-18,6,97.22
412,1997-01-22,1,15.36
412,1997-02-11,1,15.36
412,1997-12-30,18,271.82
412,1998-01-02,2,31.98
413,1997-01-18,2,73.13
414,1997-01-18,2,34.72
414,1997-11-14,2,19.98
415,1997-01-19,2,30.32
415,1997-01-21,1,13.77
415,1997-03-08,1,14.96
415,1997-06-14,2,24.95
415,1997-10-11,1,12.99
415,1997-10-30,1,59.49
415,1997-11-23,1,11.49
415,1997-12-10,1,18.49
416,1997-01-19,3,35.31
417,1997-01-19,1,10.77
418,1997-01-19,2,26.74
419,1997-01-19,1,11.77
419,1998-03-02,1,29.49
42,1997-01-03,1,11.97
420,1997-01-19,2,39.36
420,1997-12-02,2,30.98
421,1997-01-19,1,16.9
422,1997-01-19,2,27.13
422,1997-02-26,4,59.83
422,1997-04-16,3,45.11
422,1997-12-06,4,41.46
423,1997-01-19,6,82.41
423,1997-02-18,1,11.77
423,1997-06-06,1,14.96
424,1997-01-19,2,23.54
424,1998-02-03,1,11.88
424,1998-03-08,3,36.86
424,1998-04-20,2,29.98
424,1998-05-06,3,43.97
425,1997-01-19,1,12.49
426,1997-01-19,3,36.73
427,1997-01-19,1,21.37
427,1997-02-19,2,29.33
428,1997-01-19,1,12.49
428,1997-06-21,3,38.33
428,1997-08-17,1,11.77
428,1997-10-31,1,13.99
428,1998-04-10,1,72.99
428,1998-05-01,1,72.99
428,1998-06-07,3,42.47
429,1997-01-19,1,15.36
43,1997-01-03,4,45.67
430,1997-01-19,1,15.36
431,1997-01-19,2,31.72
431,1997-10-20,3,49.47
432,1997-01-19,1,11.77
433,1997-01-19,4,49.87
434,1997-01-19,3,37.51
434,1997-03-19,2,25.74
434,1998-04-29,3,58.74
435,1997-01-19,1,9.77
436,1997-01-19,2,39.98
437,1997-01-19,4,58.89
438,1997-01-19,2,31.52
439,1997-01-19,1,15.99
439,1997-05-26,2,34.14
44,1997-01-03,4,49.67
440,1997-01-19,5,84.02
440,1997-03-07,6,88.6
440,1997-07-21,7,106.55
441,1997-01-19,2,25.74
441,1997-02-16,1,13.97
441,1997-07-15,1,13.97
441,1997-07-17,1,12.97
441,1997-07-25,1,14.79
441,1997-12-05,4,57.96
441,1997-12-20,1,13.99
441,1997-12-31,4,53.96
441,1998-03-17,1,13.49
441,1998-04-14,1,12.99
441,1998-06-12,3,44.47
442,1997-01-19,1,13.97
443,1997-01-19,3,65.97
444,1997-01-20,2,29.92
444,1997-01-27,2,29.98
444,1997-02-11,2,29.98
444,1998-02-13,1,12.99
445,1997-01-20,2,18.56
446,1997-01-20,1,22.99
446,1997-03-14,2,24.48
446,1997-04-22,1,13.97
446,1997-05-26,1,23.88
446,1997-06-16,2,24.49
446,1997-07-23,2,23.54
446,1997-07-29,2,28.73
446,1998-06-04,1,11.88
447,1997-01-20,1,14.99
448,1997-01-20,1,18.36
448,1997-02-04,3,44.97
449,1997-01-20,1,14.96
45,1997-01-03,1,8.97
45,1997-06-23,1,14.96
450,1997-01-20,4,71.69
450,1997-03-16,2,27.33
451,1997-01-20,13,150.21
451,1997-03-23,7,83.39
451,1997-10-11,3,52.97
452,1997-01-20,2,25.74
452,1997-05-19,1,11.77
453,1997-01-20,5,72.25
453,1997-01-22,1,35.37
453,1997-04-07,2,27.14
454,1997-01-20,2,30.72
454,1997-07-29,1,14.37
455,1997-01-20,2,29.92
456,1997-01-20,1,17.76
456,1997-02-06,1,11.77
456,1997-03-28,5,77.48
456,1997-04-28,6,80.41
456,1997-05-05,3,34.5
456,1997-07-18,3,43.95
456,1997-08-04,10,167.65
456,1997-08-06,4,52.46
456,1997-11-07,2,26.98
456,1997-11-18,3,59.97
456,1997-12-15,1,13.99
456,1998-03-19,9,117.37
457,1997-01-20,1,19.99
457,1997-02-09,1,9.98
457,1997-02-17,1,12.77
457,1997-04-24,2,25.48
457,1997-05-06,2,27.85
458,1997-01-20,2,23.73
459,1997-01-20,5,76.23
46,1997-01-03,3,40.7
46,1997-01-14,1,14.96
46,1997-01-21,2,43.13
46,1997-01-27,1,14.96
46,1997-02-04,2,39.33
46,1997-04-11,2,29.92
46,1997-06-27,2,37.93
46,1997-07-10,2,26.73
46,1997-07-14,2,29.58
46,1997-07-29,1,14.96
46,1997-07-31,1,21.97
46,1997-08-28,4,57.47
46,1997-09-01,2,23.54
46,1997-10-13,2,32.48
46,1997-10-28,2,24.48
46,1997-12-14,3,35.97
46,1998-01-10,2,26.48
46,1998-02-13,2,28.98
46,1998-03-01,2,30.98
46,1998-03-05,2,32.47
46,1998-03-25,2,25.98
46,1998-04-15,1,11.88
46,1998-05-31,1,12.99
460,1997-01-20,3,43.89
461,1997-01-20,1,15.99
461,1997-03-19,1,34.77
461,1997-03-21,1,22.77
461,1997-04-08,2,23.74
461,1997-04-29,1,15.36
461,1997-04-30,1,12.97
461,1997-06-13,1,14.37
461,1997-07-17,1,25.77
461,1998-01-25,2,21.98
461,1998-03-10,1,29.49
461,1998-05-04,1,14.99
461,1998-06-04,1,14.49
462,1997-01-20,4,59.25
463,1997-01-20,2,29.33
463,1997-03-21,4,58.07
464,1997-01-20,2,22.94
464,1997-05-19,3,38.71
464,1997-10-02,6,61.44
464,1997-12-30,3,30.47
465,1997-01-20,2,23.96
466,1997-01-20,2,29.73
466,1997-04-27,3,43.3
466,1997-06-30,1,21.77
466,1998-05-31,4,62.46
467,1997-01-20,3,16.31
467,1997-08-29,3,51.5
468,1997-01-20,3,41.91
468,1997-10-13,3,19.97
469,1997-01-20,2,25.74
469,1997-01-30,1,12.77
469,1997-07-14,1,14.96
469,1997-07-24,2,28.93
469,1997-08-21,2,29.92
469,1997-10-13,1,12.99
469,1997-11-18,1,12.49
47,1997-01-03,1,14.37
470,1997-01-20,4,51.48
470,1998-05-19,5,54.84
471,1997-01-20,1,14.37
471,1997-02-06,1,14.79
471,1997-12-06,4,51.96
472,1997-01-20,3,40.73
473,1997-01-20,1,9.98
474,1997-01-20,2,26.76
474,1997-06-08,1,11.77
474,1997-09-13,2,28.48
474,1998-04-19,4,48.55
475,1997-01-20,2,30.86
476,1997-01-20,3,34.31
477,1997-01-20,4,56.87
477,1997-01-22,3,31.31
477,1997-09-13,2,25.98
477,1997-09-27,2,46.98
477,1997-09-29,1,14.49
477,1997-12-28,1,10.49
477,1998-03-01,1,19.99
478,1997-01-20,1,19.99
478,1997-10-13,1,5.49
478,1997-10-25,1,15.49
479,1997-01-21,1,10.97
48,1997-01-03,1,12.49
480,1997-01-21,4,49.44
480,1997-04-17,7,55.79
480,1997-06-19,5,58.1
480,1998-01-04,4,34.46
480,1998-03-02,6,56.94
481,1997-01-21,2,27.54
481,1997-06-21,6,89.48
481,1998-04-01,7,128.13
482,1997-01-21,1,14.96
483,1997-01-21,1,11.99
483,1997-03-22,1,11.97
484,1997-01-21,1,13.97
485,1997-01-21,3,31.51
485,1997-01-24,3,44.51
485,1997-01-28,1,11.77
485,1997-02-05,3,36.11
485,1997-02-24,7,81.41
485,1997-03-18,3,40.11
485,1997-03-24,3,40.71
485,1997-04-28,5,59.85
485,1997-05-21,5,65.63
485,1997-05-27,5,74.77
485,1997-06-23,5,62.04
485,1997-09-10,3,33.47
486,1997-01-21,1,13.97
487,1997-01-21,5,80.11
487,1997-02-07,1,14.79
487,1997-02-25,2,28.76
487,1997-03-02,2,33.48
487,1997-03-25,3,47.12
488,1997-01-21,1,21.99
489,1997-01-21,1,9.98
49,1997-01-03,1,17.9
49,1997-01-14,1,14.37
490,1997-01-21,2,37.48
490,1997-10-24,7,102.93
491,1997-01-21,2,26.13
491,1997-01-31,1,23.99
491,1997-02-08,2,34
491,1997-03-24,3,42.93
491,1997-05-23,2,30.37
491,1998-01-14,1,14.49
491,1998-03-09,1,11.99
491,1998-03-23,1,15.49
492,1997-01-21,1,14.37
492,1998-03-21,2,18.98
493,1997-01-21,1,11.97
493,1997-02-20,2,26.13
493,1997-06-18,3,44.09
493,1997-08-22,2,25.74
493,1997-12-06,2,26.98
494,1997-01-21,1,12.49
495,1997-01-21,1,12.97
495,1997-09-30,1,11.49
495,1997-12-23,1,7.49
496,1997-01-21,2,30.72
496,1997-02-05,1,15.36
497,1997-01-21,2,41.98
498,1997-01-21,4,60.64
499,1997-01-21,3,38.03
499,1997-03-13,2,28.93
499,1997-04-24,3,42.9
499,1997-06-22,2,26.14
499,1997-06-24,3,41.91
499,1997-07-05,5,68.6
499,1997-07-26,4,55.07
499,1997-11-07,3,41.47
499,1998-01-03,2,20.98
499,1998-02-02,3,42.06
499,1998-06-27,3,39.97
5,1997-01-01,2,23.94
50,1997-01-03,3,27.92
500,1997-01-21,2,29.92
500,1997-02-08,3,39.73
500,1997-02-20,2,25.93
500,1997-03-01,3,42.9
501,1997-01-21,3,74.97
502,1997-01-21,1,14.96
503,1997-01-21,2,39.98
504,1997-01-22,2,37.98
505,1997-01-22,6,83
505,1997-04-30,5,64.24
505,1997-05-02,1,14.96
505,1998-04-05,4,58.85
506,1997-01-22,4,65.34
507,1997-01-22,5,112.72
507,1997-01-25,2,40.74
507,1997-08-27,1,14.96
507,1997-11-07,5,66.95
507,1997-12-15,7,105.93
508,1997-01-22,2,18.75
509,1997-01-22,3,49.97
509,1997-01-24,6,84.22
509,1997-02-10,6,85.01
509,1997-02-14,6,86.4
509,1997-02-24,6,88.99
509,1997-03-08,5,71.63
509,1997-03-26,6,95.91
509,1997-04-07,9,125.69
509,1997-04-17,6,95.94
509,1997-04-25,7,100.6
509,1997-05-05,7,103.75
509,1997-05-12,1,15.36
509,1997-06-11,7,90.18
509,1997-06-20,5,76.22
509,1997-06-27,1,15.36
509,1997-08-18,7,95.98
509,1997-09-04,7,99.21
509,1997-09-18,5,69.45
509,1997-09-25,1,15.49
509,1997-10-06,6,87.44
509,1997-11-18,7,99.93
509,1998-01-19,7,102.93
509,1998-01-30,4,131.46
509,1998-01-31,4,56.46
51,1997-01-03,3,55.1
51,1998-04-11,8,114.79
510,1997-01-22,1,13.97
511,1997-01-22,4,44.74
511,1997-02-28,1,14.96
512,1997-01-22,1,49.97
513,1997-01-22,1,11.97
513,1997-03-18,2,37.65
514,1997-01-22,2,35.76
515,1997-01-22,1,11.77
516,1997-01-22,1,11.7
516,1998-06-14,2,25.98
516,1998-06-18,2,20.98
517,1997-01-22,4,62.87
517,1997-02-20,1,11.77
517,1997-03-10,1,21.77
517,1997-03-23,3,35.31
517,1997-05-18,2,24.74
517,1997-08-17,2,43.34
517,1998-01-01,2,31.48
518,1997-01-22,1,14.77
519,1997-01-22,1,14.96
519,1997-09-30,3,41.47
519,1998-02-26,2,25.16
52,1997-01-03,1,24.99
520,1997-01-22,2,34.98
521,1997-01-22,1,9.97
521,1997-06-04,1,13.77
521,1997-06-23,2,21.54
521,1997-07-30,1,13.97
521,1997-08-18,1,4.79
521,1997-09-20,1,11.49
521,1997-09-23,2,46.48
521,1997-11-03,1,27.99
521,1997-11-07,1,33.99
521,1997-11-28,2,31.98
521,1997-12-11,2,22.98
521,1997-12-19,1,16.99
521,1997-12-29,2,28.48
521,1998-03-07,1,15.49
521,1998-06-09,3,18.47
522,1997-01-22,2,28.13
523,1997-01-22,1,12.49
523,1997-03-22,2,20.86
523,1997-04-10,1,14.37
524,1997-01-22,2,30.36
525,1997-01-22,3,43.7
526,1997-01-22,2,30.76
526,1997-05-28,8,120.95
526,1997-06-30,6,71.22
526,1997-10-09,1,11.49
526,1997-10-13,1,13.99
526,1997-10-21,4,53.96
526,1997-10-27,3,47.97
527,1997-01-22,1,12.49
528,1997-01-22,1,17.9
528,1997-08-19,1,27.77
528,1998-05-03,1,11.88
529,1997-01-23,5,63.05
529,1997-06-18,4,38.92
529,1997-11-01,4,25.96
529,1997-11-06,1,14.49
529,1997-11-08,5,58.95
529,1997-12-11,2,16.98
529,1998-03-16,3,29.97
529,1998-03-25,1,12.99
529,1998-04-14,4,28.46
529,1998-06-07,3,14.47
529,1998-06-16,2,15.98
529,1998-06-26,3,27.97
53,1997-01-03,1,12.97
53,1998-04-10,2,34.41
530,1997-01-23,1,11.77
531,1997-01-23,2,25.74
532,1997-01-23,1,17.9
532,1997-04-23,1,12.49
532,1998-03-09,4,37.96
533,1997-01-23,3,41.5
534,1997-01-23,2,23.54
534,1997-02-24,3,44.88
535,1997-01-23,9,154.92
535,1997-05-21,1,17.7
535,1997-08-17,2,137.14
535,1997-10-18,4,62.96
535,1998-02-01,12,169.38
536,1997-01-23,1,11.77
537,1997-01-23,1,9.77
538,1997-01-23,10,141.85
539,1997-01-23,2,23.94
539,1997-01-24,1,6.79
54,1997-01-03,2,28.74
540,1997-01-23,14,202.58
541,1997-01-23,3,38.5
541,1997-03-10,3,40.7
541,1997-09-02,2,26.73
541,1997-11-13,2,22.48
541,1997-12-05,3,40.47
541,1998-01-29,3,37.86
541,1998-03-14,1,12.58
541,1998-04-04,4,64.24
541,1998-05-03,3,41.97
542,1997-01-23,3,35.91
543,1997-01-23,9,124.69
543,1997-02-21,12,147.4
543,1997-06-29,9,124.51
544,1997-01-23,1,14.37
545,1997-01-23,2,29.16
546,1997-01-23,2,23.14
547,1997-01-23,1,13.97
548,1997-01-23,5,70.45
548,1997-06-26,5,71.45
549,1997-01-23,2,37.96
549,1997-01-28,3,58.95
549,1997-03-03,2,28.93
549,1997-04-15,3,46.93
549,1997-04-26,1,21.99
549,1997-05-16,3,49.31
549,1997-06-11,3,38.91
549,1997-06-23,3,42.31
549,1997-08-22,2,27.94
549,1997-08-27,3,44.3
549,1997-09-15,2,27.98
549,1997-11-01,4,53.96
549,1997-11-26,3,39.97
549,1997-12-05,4,52.46
549,1998-01-16,3,59.47
549,1998-03-12,3,36.97
549,1998-04-05,2,25.07
549,1998-05-19,3,36.97
549,1998-06-05,3,49.56
549,1998-06-29,1,12.58
55,1997-01-03,1,52.99
550,1997-01-23,2,15.76
551,1997-01-23,2,66.96
551,1997-03-11,1,30.97
552,1997-01-23,2,33.8
552,1997-01-25,3,38.16
552,1997-02-06,4,71.24
552,1997-02-16,1,14.99
553,1997-01-23,1,14.37
553,1997-05-08,4,56.31
553,1997-06-02,5,92.96
553,1997-07-08,1,26.75
553,1998-06-03,2,34.48
554,1997-01-23,2,21.54
555,1997-01-23,2,31.8
555,1997-05-04,2,39.98
555,1997-09-07,2,23.95
556,1997-01-23,1,12.97
557,1997-01-23,2,25.14
558,1997-01-24,1,8.97
558,1997-02-04,1,19.3
558,1997-02-11,1,19.3
558,1997-02-20,1,4.77
558,1997-02-28,1,17.76
558,1997-03-05,5,77.84
558,1997-03-20,2,31.94
558,1997-03-25,2,25.96
558,1997-04-10,2,19.76
558,1997-04-30,2,30.69
558,1997-05-03,1,22.99
558,1997-05-20,1,31.03
558,1997-07-10,1,19.55
559,1997-01-24,2,23.54
56,1997-01-03,1,14.37
56,1997-07-06,1,13.97
56,1997-08-23,4,42.08
560,1997-01-24,3,39.3
560,1997-03-18,2,30.32
561,1997-01-24,1,11.77
561,1997-03-04,2,77.34
561,1997-08-15,1,15.36
561,1997-10-01,3,42.47
561,1997-11-17,6,82.44
561,1998-01-31,4,55.35
562,1997-01-24,1,13.97
562,1997-02-14,1,33.99
562,1997-09-22,1,15.99
563,1997-01-24,3,42.31
564,1997-01-24,3,43.7
565,1997-01-24,7,80.59
566,1997-01-24,3,78.7
567,1997-01-24,1,14.96
567,1997-02-07,2,28.93
567,1997-03-02,1,15.36
567,1997-05-24,2,29.54
567,1997-06-25,1,15.76
567,1997-09-15,2,14.48
567,1997-12-07,3,44.47
567,1998-02-28,2,17.98
568,1997-01-24,1,9.97
568,1997-12-14,5,60.45
568,1998-02-20,4,52.54
569,1997-01-24,3,26.07
57,1997-01-03,1,11.77
57,1997-02-02,1,15.36
57,1998-04-20,2,26.3
570,1997-01-24,2,13.58
570,1997-07-07,1,12.25
570,1997-07-17,1,16.36
570,1997-10-08,1,11.49
570,1998-03-09,1,12.49
571,1997-01-24,2,15.96
572,1997-01-24,5,69.22
572,1997-02-02,1,15.96
572,1997-02-12,3,52.93
572,1997-02-16,6,84.39
572,1997-02-20,2,66.54
572,1997-03-26,3,33.51
572,1998-02-15,5,69.95
573,1997-01-24,2,23.54
573,1997-10-20,2,61.98
573,1997-10-22,1,25.99
573,1998-03-30,2,26.87
574,1997-01-24,2,26.94
574,1997-07-30,3,27.31
575,1997-01-24,3,86.97
575,1997-03-03,1,13.97
576,1997-01-24,3,43.09
577,1997-01-24,4,54.27
577,1997-03-16,4,59.25
578,1997-01-24,1,38.99
579,1997-01-24,14,197.79
58,1997-01-04,1,14.96
580,1997-01-24,1,11.77
581,1997-01-24,2,48.98
582,1997-01-24,1,13.97
583,1997-01-24,2,26.14
584,1997-01-25,1,13.97
584,1997-09-30,2,45.98
584,1997-11-24,2,24.48
585,1997-01-25,1,19.99
585,1997-06-13,3,42
585,1997-06-25,4,46
586,1997-01-25,2,25.74
587,1997-01-25,6,86.02
588,1997-01-25,1,13.97
589,1997-01-25,3,38.5
59,1997-01-04,3,44.71
59,1997-09-30,1,6.49
59,1997-11-24,1,12.99
59,1998-03-19,1,36.99
590,1997-01-25,1,12.77
591,1997-01-25,2,34.54
592,1997-01-25,1,21.7
592,1997-08-16,1,15.36
593,1997-01-25,4,33.34
593,1997-01-26,3,38.5
593,1997-02-27,4,56.86
593,1997-03-08,5,70.03
593,1997-03-31,1,15.9
593,1997-04-18,5,33.33
593,1997-04-26,4,39.52
593,1997-05-25,3,43.3
593,1998-03-24,1,18.49
594,1997-01-25,1,11.77
595,1997-01-25,1,19.77
596,1997-01-25,2,26.73
596,1997-03-22,1,12.77
596,1997-09-11,4,69.46
596,1997-11-15,4,50.46
596,1997-12-02,2,59.48
596,1997-12-13,6,80.44
596,1998-03-22,3,41.47
597,1997-01-25,1,14.79
598,1997-01-25,1,12.49
598,1997-12-06,2,30.98
598,1998-02-07,1,12.49
598,1998-03-11,1,12.99
599,1997-01-25,1,9.77
599,1997-06-23,1,6.78
599,1997-07-25,1,9.98
599,1997-11-03,1,9.49
599,1997-11-20,1,12.49
6,1997-01-01,1,35.99
6,1997-01-11,1,32.99
6,1997-03-15,4,77.96
6,1997-04-16,3,59.3
6,1997-04-24,2,134.98
6,1997-06-23,1,91.92
6,1997-07-22,3,47.08
6,1997-07-26,2,71.96
6,1997-10-25,3,78.47
6,1997-12-06,3,83.47
6,1998-01-18,4,84.46
6,1998-02-15,4,123.96
6,1998-02-21,2,32.98
6,1998-02-26,2,23.06
6,1998-05-10,1,72.99
6,1998-06-20,3,55.47
60,1997-01-04,8,121.34
600,1997-01-25,1,109.99
600,1997-10-26,1,62.99
601,1997-01-25,2,27.95
601,1997-03-14,2,26.73
601,1997-03-24,2,29.33
601,1997-04-22,2,26.93
601,1997-06-24,3,44.88
602,1997-01-25,10,147.22
602,1998-02-03,7,101.82
603,1997-01-25,6,71.62
604,1997-01-25,1,35.99
604,1997-03-02,1,15.36
604,1997-08-17,1,14.96
604,1997-08-23,1,13.77
605,1997-01-25,5,77.24
606,1997-01-25,2,28.74
606,1997-09-01,1,14.37
607,1997-01-25,1,14.96
608,1997-01-25,1,21.7
608,1997-04-22,2,29.76
608,1997-04-30,1,12.97
609,1997-01-25,4,49.96
609,1997-01-26,3,37.47
609,1997-06-28,1,36.69
61,1997-01-04,4,56.27
61,1997-01-20,5,78.26
61,1997-02-24,4,88.94
61,1997-03-03,1,15.36
61,1997-07-29,1,31.03
61,1997-12-17,2,29.48
61,1997-12-18,1,28.49
61,1997-12-22,3,66.97
610,1997-01-25,2,34.75
611,1997-01-26,1,11.77
611,1997-04-08,12,163.61
612,1997-01-26,4,55.07
612,1997-06-21,1,11.77
613,1997-01-26,1,9.97
613,1997-07-01,1,11.77
613,1997-09-18,1,11.49
613,1997-11-14,1,11.49
613,1998-02-25,1,11.49
614,1997-01-26,3,38.71
615,1997-01-26,2,30.32
616,1997-01-26,1,24.99
617,1997-01-26,2,39.48
618,1997-01-26,2,18.95
618,1997-02-02,4,35.71
618,1997-02-22,1,7.78
619,1997-01-26,4,59.26
62,1997-01-04,10,186.67
620,1997-01-26,1,14.96
621,1997-01-26,2,19.95
621,1997-03-22,1,19.99
622,1997-01-26,1,15.76
623,1997-01-26,1,27.77
623,1997-07-12,1,13.97
624,1997-01-26,5,73.95
625,1997-01-26,4,57.85
625,1997-03-14,3,46.08
625,1997-04-10,2,29.98
625,1997-04-14,1,19.99
626,1997-01-26,1,14.37
627,1997-01-26,2,24.98
628,1997-01-26,1,9.77
629,1997-01-26,1,15.36
63,1997-01-04,2,27.34
63,1997-04-27,3,43.13
63,1998-03-30,2,28.97
630,1997-01-26,3,28.11
630,1997-09-23,2,18.98
630,1997-12-08,4,43.96
630,1998-03-29,2,27.98
631,1997-01-26,1,13.97
632,1997-01-26,1,14.37
633,1997-01-26,1,12.77
633,1997-02-14,5,75.2
634,1997-01-26,1,14.99
635,1997-01-26,5,53.29
636,1997-01-26,1,15.36
637,1997-01-27,1,14.96
638,1997-01-27,2,9.98
639,1997-01-27,3,73.97
64,1997-01-04,1,13.97
640,1997-01-27,1,15.36
641,1997-01-27,4,50.54
641,1997-02-16,3,39.32
641,1997-07-05,4,56.07
641,1997-08-02,2,24.73
641,1997-10-19,3,41.97
641,1997-11-02,3,40.97
641,1998-02-08,8,111.3
641,1998-03-26,1,10.99
641,1998-04-11,1,12.99
641,1998-06-23,2,45.98
642,1997-01-27,1,6.79
643,1997-01-27,2,29.33
643,1997-02-13,1,18.36
643,1997-02-28,3,28.14
643,1997-06-27,1,7.78
643,1997-08-14,1,6.77
644,1997-01-27,4,165.07
644,1998-01-27,1,11.88
645,1997-01-27,1,14.37
645,1998-01-13,2,32.98
645,1998-05-11,1,16.99
646,1997-01-27,1,11.77
647,1997-01-27,2,24.74
648,1997-01-27,2,29.73
648,1997-02-07,1,9.98
648,1997-04-18,1,13.97
648,1997-11-14,1,10.49
648,1997-12-23,1,10.49
649,1997-01-27,1,13.97
649,1997-03-28,1,15.36
649,1998-01-28,1,14.49
649,1998-02-01,1,15.49
649,1998-02-17,1,15.49
649,1998-04-16,3,44.47
65,1997-01-04,3,35.31
650,1997-01-27,1,21.37
650,1997-03-13,2,29.33
650,1998-03-21,2,22.48
651,1997-01-27,1,36.99
651,1997-10-30,4,52.46
651,1997-11-25,2,28.48
652,1997-01-27,1,9.77
653,1997-01-27,2,28.74
654,1997-01-27,1,14.37
655,1997-01-27,1,11.77
655,1997-01-30,1,14.37
655,1997-02-26,1,14.37
655,1997-07-27,7,76.79
655,1997-08-07,3,26.83
655,1997-09-02,2,14.58
656,1997-01-27,2,31.52
656,1997-03-09,1,11.77
657,1997-01-27,4,61.05
657,1998-03-26,5,77.45
658,1997-01-27,3,37.03
659,1997-01-27,2,28.47
659,1997-03-18,2,26.73
66,1997-01-04,2,21.98
660,1997-01-27,6,70.83
660,1997-03-20,3,28.86
660,1997-03-26,1,19.3
661,1997-01-27,2,31.32
661,1997-09-20,1,12.99
662,1997-01-27,2,24.74
663,1997-01-27,2,23.98
664,1997-01-27,2,23.54
665,1997-01-27,1,11.77
665,1998-05-09,1,5.49
666,1997-01-28,1,44.77
666,1997-06-23,4,52.47
667,1997-01-28,1,5.78
668,1997-01-28,3,31.93
668,1997-02-18,2,27.13
668,1997-02-24,2,19.75
668,1997-02-25,3,44.32
668,1997-04-03,3,53.09
668,1997-04-18,3,42.9
668,1997-04-22,2,30.72
668,1997-05-11,1,14.96
668,1997-09-20,1,2.99
669,1997-01-28,3,42.9
669,1997-02-28,3,54.71
67,1997-01-04,4,59.08
67,1997-01-26,10,144.08
67,1997-06-01,8,122.88
67,1997-11-12,8,140.42
670,1997-01-28,1,28.99
671,1997-01-28,2,28.76
671,1997-02-08,1,15.96
671,1997-04-24,4,57.06
671,1997-07-01,2,27.94
671,1997-07-08,1,16.36
671,1997-07-25,1,28.97
671,1997-08-21,3,72.89
671,1997-10-11,2,25.98
671,1997-12-20,1,12.99
671,1998-04-25,3,45.47
672,1997-01-28,1,15.36
672,1997-03-26,3,34.11
673,1997-01-28,5,84.83
673,1997-02-04,1,13.97
673,1997-02-24,2,26.33
673,1998-01-30,4,61.96
673,1998-02-12,4,55.04
673,1998-03-17,4,75.96
673,1998-05-31,4,70.45
674,1997-01-28,2,32.29
675,1997-01-28,3,45.89
675,1997-02-07,3,96.93
675,1997-06-20,2,21.74
675,1997-07-24,6,92.69
675,1997-11-10,2,34.48
675,1997-12-09,7,108.43
676,1997-01-28,5,69.47
676,1997-02-15,6,87.27
676,1997-03-12,3,39.9
676,1997-04-08,1,14.96
676,1997-05-05,8,113.35
676,1997-06-11,5,86.43
676,1997-07-08,10,134.09
677,1997-01-28,3,58.31
678,1997-01-28,1,6.79
678,1997-06-20,1,14.96
679,1997-01-28,1,5.99
68,1997-01-04,2,24.94
680,1997-01-28,2,31.35
680,1997-03-12,2,26.96
680,1997-05-22,2,30.32
681,1997-01-28,1,15.36
681,1997-02-07,1,29.77
681,1997-02-10,1,14.37
681,1997-04-09,1,13.97
681,1997-05-26,1,14.37
681,1997-07-23,2,13.76
681,1997-11-03,1,12.49
681,1998-01-31,1,7.49
681,1998-03-17,3,38.86
681,1998-03-25,2,34.86
681,1998-04-21,3,38.86
681,1998-05-01,1,11.18
681,1998-05-04,1,15.49
682,1997-01-28,2,28.74
683,1997-01-28,1,12.49
683,1997-08-12,1,10.77
684,1997-01-28,2,31.54
685,1997-01-28,1,24.99
686,1997-01-28,1,14.96
687,1997-01-28,2,27.94
688,1997-01-28,1,19.99
689,1997-01-28,1,11.77
69,1997-01-04,1,16.99
690,1997-01-28,1,21.7
690,1997-06-09,2,29.92
690,1998-03-13,3,34.8
691,1997-01-28,1,15.39
691,1997-03-11,2,21.54
692,1997-01-28,2,32.6
693,1997-01-28,2,18.95
693,1997-02-11,2,25.56
693,1997-02-15,1,15.36
693,1997-03-16,3,46.08
693,1997-03-18,1,26.99
693,1997-03-23,3,45.28
693,1997-03-28,2,31.78
693,1997-04-13,4,58.85
693,1997-04-20,3,56.97
693,1997-05-04,5,83.42
693,1997-05-13,4,55.32
693,1997-06-15,4,55.65
693,1997-09-09,1,7.49
693,1997-09-26,4,42.96
693,1998-01-07,4,90.96
693,1998-01-19,1,14.49
693,1998-02-22,5,59.34
693,1998-02-24,3,47.97
693,1998-02-25,1,11.88
693,1998-03-22,2,31.98
694,1997-01-28,1,16.36
695,1997-01-28,2,36.48
696,1997-01-28,1,22.99
696,1997-02-22,1,24.99
697,1997-01-29,1,14.96
697,1997-03-10,2,30.33
697,1997-04-06,1,14.96
697,1997-07-29,1,14.96
698,1997-01-29,1,3.99
699,1997-01-29,2,27.13
699,1997-01-30,1,11.77
699,1997-02-05,1,11.77
699,1997-02-20,1,14.37
699,1997-05-06,1,11.77
699,1997-05-10,2,36.41
699,1998-03-14,2,19.98
699,1998-05-28,1,11.49
7,1997-01-01,1,11.77
7,1997-02-05,1,11.77
70,1997-01-04,2,36.94
70,1997-01-11,1,11.77
70,1997-06-02,5,71.02
70,1997-07-28,3,45.09
70,1998-04-18,7,106.03
700,1997-01-29,3,36.97
700,1998-01-11,2,38.98
701,1997-01-29,1,15.36
701,1997-05-15,1,14.96
701,1997-05-31,2,26.14
701,1997-10-25,1,12.99
701,1997-11-12,1,12.99
702,1997-01-29,7,104.17
702,1997-07-08,9,128.89
703,1997-01-29,1,13.99
704,1997-01-29,2,33.13
705,1997-01-29,1,12.97
705,1997-04-17,1,11.78
706,1997-01-29,1,21.99
707,1997-01-29,1,11.77
707,1997-02-26,2,37.75
708,1997-01-29,1,14.79
708,1997-02-02,2,29.58
709,1997-01-29,1,12.49
71,1997-01-04,2,145.47
710,1997-01-29,2,25.76
711,1997-01-29,1,19.99
712,1997-01-29,2,9.98
712,1997-02-09,2,30.92
712,1997-05-30,2,29.92
712,1997-07-05,1,14.37
712,1997-08-31,1,14.96
712,1998-04-18,2,29.36
713,1997-01-29,1,14.7
713,1997-02-11,1,14.7
713,1997-02-14,2,9.58
713,1997-02-23,1,14.96
713,1997-03-24,2,25.74
713,1997-08-15,1,15.36
713,1997-09-21,1,17.49
713,1998-03-24,2,24.48
713,1998-04-29,2,29.98
713,1998-05-27,2,24.48
713,1998-06-25,1,17.49
713,1998-06-28,1,11.49
714,1997-01-29,2,30.36
714,1997-02-10,1,14.37
715,1997-01-29,5,80.26
715,1997-02-20,4,50.27
715,1997-04-07,4,50.27
716,1997-01-29,2,27.13
716,1998-03-11,4,51.13
716,1998-06-24,4,56.46
717,1997-01-29,1,14.96
717,1998-02-19,1,17.99
717,1998-03-05,1,15.49
718,1997-01-29,2,35.34
718,1997-03-10,1,14.96
718,1997-04-23,1,13.97
718,1998-04-17,2,24.46
719,1997-01-29,4,67.47
72,1997-01-04,1,12.77
720,1997-01-29,1,11.77
720,1997-01-30,1,14.37
720,1997-02-01,1,9.77
720,1997-02-23,1,11.77
720,1997-04-16,1,14.37
720,1997-05-05,1,14.96
720,1997-05-23,1,15.96
720,1997-09-30,1,20.99
720,1997-11-29,1,12.99
721,1997-01-29,1,15.36
722,1997-01-29,1,6.79
723,1997-01-29,4,57.09
724,1997-01-29,2,26.14
725,1997-01-29,2,27.13
726,1997-01-29,2,30.15
726,1997-05-08,6,79.01
726,1997-06-06,2,51.53
726,1997-06-20,1,13.97
727,1997-01-29,2,30.13
728,1997-01-29,1,14.37
728,1997-02-06,2,25.74
728,1997-02-17,3,43.3
728,1997-03-11,4,63.86
728,1997-04-14,8,86.27
728,1997-05-28,9,93.24
729,1997-01-29,2,24.94
73,1997-01-04,4,51.87
73,1997-02-14,5,69.23
73,1997-12-07,1,15.49
730,1997-01-30,1,16.99
730,1997-04-07,1,11.77
730,1997-04-14,1,11.77
731,1997-01-30,3,41.5
731,1997-03-03,1,18.76
731,1998-03-09,2,9.48
731,1998-03-18,2,29.98
732,1997-01-30,3,39.51
732,1997-03-16,2,39.74
732,1997-08-29,3,36.71
732,1997-09-23,3,35.97
732,1997-10-28,3,25.47
733,1997-01-30,1,15.36
734,1997-01-30,1,14.96
735,1997-01-30,2,20.54
736,1997-01-30,3,32.24
736,1997-10-22,12,201.88
737,1997-01-30,1,6.79
738,1997-01-30,2,44.98
739,1997-01-30,2,28.94
739,1997-05-03,1,12.49
739,1998-02-27,2,24.07
74,1997-01-04,1,14.99
740,1997-01-30,1,11.77
741,1997-01-30,2,28.73
741,1997-07-23,1,14.96
741,1998-05-05,2,24.87
742,1997-01-30,1,5.98
743,1997-01-30,1,14.37
743,1997-11-21,1,14.49
743,1997-12-29,1,14.49
743,1998-02-26,1,12.58
744,1997-01-30,2,40.73
745,1997-01-30,1,7.98
745,1997-04-21,1,17.7
745,1997-05-11,1,15.96
745,1997-10-08,2,15.98
745,1998-01-03,1,13.99
746,1997-01-30,1,19.98
747,1997-01-30,6,90.41
747,1997-04-28,2,70.13
747,1997-12-12,17,238.33
747,1998-03-09,11,152.46
747,1998-05-08,8,99.16
748,1997-01-30,1,11.77
749,1997-01-30,2,39.98
75,1997-01-04,6,53.46
75,1997-02-09,2,20.77
750,1997-01-30,1,12.49
750,1997-03-21,1,6.79
751,1997-01-30,2,32.48
751,1997-02-11,1,162.99
751,1997-03-03,4,81.95
751,1997-03-24,1,28.7
751,1997-03-31,1,29.9
751,1997-04-05,1,13.97
751,1997-05-20,4,155.8
751,1997-07-20,1,9.77
751,1997-07-25,3,49.9
751,1997-08-19,5,74.21
751,1997-08-23,1,15.36
751,1997-10-30,5,132.95
751,1997-11-04,6,107.44
752,1997-01-30,1,15.36
753,1997-01-30,2,54.98
754,1997-01-30,1,16
755,1997-01-30,1,19.99
756,1997-01-30,1,16.36
756,1997-02-04,1,11.97
756,1997-03-29,1,14.96
756,1997-05-25,1,12.97
756,1998-01-26,1,13.99
757,1997-01-30,3,36.51
757,1997-05-25,1,12.77
757,1997-05-26,1,11.77
757,1997-05-30,3,37.5
758,1997-01-30,1,21.97
759,1997-01-30,2,23.54
76,1997-01-04,8,117.1
760,1997-01-31,6,68.44
760,1997-02-27,4,58.66
760,1997-04-05,5,75.21
761,1997-01-31,5,110.84
761,1997-02-16,6,78.01
761,1997-03-05,7,92.38
761,1997-04-28,7,107.39
761,1997-07-04,5,76.84
761,1997-09-30,6,93.44
761,1997-11-10,9,122.91
761,1997-12-07,4,54.96
762,1997-01-31,1,14.99
762,1997-02-27,2,25.94
762,1997-03-15,1,19.77
762,1997-03-29,1,12.49
762,1997-07-12,1,13.97
762,1997-12-07,2,22.98
762,1998-02-18,1,34.98
763,1997-01-31,4,72.46
763,1997-12-31,9,116.41
763,1998-06-30,10,200.57
764,1997-01-31,1,88.7
765,1997-01-31,3,45.28
766,1997-01-31,1,8.97
767,1997-01-31,1,15.99
767,1997-11-11,1,2.99
767,1998-06-26,1,12.58
768,1997-01-31,5,76.8
769,1997-01-31,1,14.97
77,1997-01-04,1,18.36
770,1997-01-31,2,30.72
770,1997-02-26,2,27.94
771,1997-01-31,2,26.73
772,1997-01-31,1,16.96
773,1997-01-31,1,11.77
774,1997-01-31,5,104.29
775,1997-01-31,1,11.77
775,1997-05-23,1,15.36
775,1997-11-21,2,26.48
776,1997-01-31,1,13.97
776,1997-02-02,2,24.98
777,1997-01-31,1,12.49
777,1997-02-19,1,6.79
777,1997-02-25,1,22.99
777,1997-04-06,1,6.79
778,1997-01-31,3,46.08
778,1997-04-02,2,28.34
779,1997-01-31,1,9.98
78,1997-01-05,1,14.96
780,1997-01-31,1,14.96
781,1997-01-31,1,11.77
782,1997-02-01,2,21.75
783,1997-02-01,1,12.97
783,1997-02-08,3,46.93
783,1997-03-14,4,52.67
783,1997-04-04,1,14.96
783,1997-05-07,4,106.1
783,1997-09-04,3,38.5
783,1997-09-19,2,22.98
783,1997-10-24,2,25.98
783,1997-11-09,1,12.99
783,1997-12-20,8,131.42
783,1997-12-25,4,56.96
783,1998-02-07,2,22.48
783,1998-04-08,1,30.49
784,1997-02-01,3,43.73
784,1997-02-11,3,38.9
784,1997-07-30,3,35.33
785,1997-02-01,1,8.97
786,1997-02-01,1,4.79
787,1997-02-01,3,66.26
788,1997-02-01,2,31.35
789,1997-02-01,1,14.37
79,1997-01-05,1,13.97
79,1997-03-07,1,13.77
79,1997-03-22,1,14.37
79,1997-05-03,3,32.51
790,1997-02-01,2,117.74
791,1997-02-01,1,12.49
791,1998-02-13,1,22.49
791,1998-05-16,1,9.49
792,1997-02-01,4,55.26
792,1998-02-19,3,22.47
792,1998-04-20,4,51.35
792,1998-04-24,1,6.28
793,1997-02-01,4,48.67
793,1997-02-16,4,50.3
794,1997-02-01,1,9.78
794,1997-02-08,1,9.98
794,1997-03-04,1,9.98
794,1997-03-21,2,23.36
794,1997-05-20,2,13.58
794,1997-06-06,1,10.98
794,1997-09-05,1,12.97
795,1997-02-01,1,38.99
796,1997-02-01,3,80.3
796,1997-03-14,1,32.37
797,1997-02-01,1,19.77
798,1997-02-01,8,89.2
798,1997-03-15,5,65.63
798,1997-03-30,13,189
798,1998-03-15,2,24.98
799,1997-02-01,2,25.74
799,1998-05-18,2,23.76
8,1997-01-01,3,32.91
8,1998-03-04,1,15.27
8,1998-03-07,1,11.49
80,1997-01-05,5,96.36
800,1997-02-01,1,11.77
801,1997-02-01,10,147.07
801,1997-03-09,4,63.84
801,1997-05-09,11,157.86
801,1997-05-30,6,87.22
801,1997-07-07,7,104.94
801,1997-07-18,9,160.87
801,1997-09-04,11,159.65
801,1997-09-25,10,137.9
801,1997-11-06,9,120.41
801,1998-03-21,15,201.55
801,1998-04-07,8,107.43
801,1998-05-05,6,76.8
802,1997-02-01,1,14.37
803,1997-02-01,1,16.76
804,1997-02-01,1,15.96
805,1997-02-01,2,25.75
805,1997-04-24,2,24.69
805,1997-06-26,2,40.14
805,1998-01-17,1,17.99
806,1997-02-01,2,23.54
807,1997-02-01,2,27.85
808,1997-02-01,1,32.97
809,1997-02-01,2,26.67
81,1997-01-05,2,33.96
810,1997-02-01,5,62.25
810,1997-03-13,4,49.88
810,1997-05-01,3,43.7
810,1998-01-15,4,56.96
810,1998-02-12,1,11.49
810,1998-03-03,1,11.88
810,1998-03-30,2,28.48
810,1998-06-08,2,28.98
810,1998-06-28,1,12.99
811,1997-02-02,13,179.21
812,1997-02-02,2,11.58
812,1997-03-25,1,19.99
812,1997-11-24,1,12.99
813,1997-02-02,2,42.98
813,1997-02-05,2,40.98
813,1997-03-12,1,14.99
813,1997-04-04,2,26.74
813,1997-04-10,2,28.33
813,1997-04-26,3,57.34
813,1997-05-08,2,25.74
813,1997-05-09,1,11.97
813,1997-06-06,2,47.7
813,1997-06-30,2,23.54
813,1997-07-10,1,14.37
813,1997-07-16,2,32.01
813,1997-07-28,2,35.37
813,1997-09-27,1,12.99
813,1997-10-18,2,30.48
813,1997-11-03,2,41.98
813,1997-11-11,2,25.48
813,1997-12-22,1,71.49
813,1998-01-03,2,25.48
813,1998-01-07,3,53.97
813,1998-01-14,2,27.48
813,1998-02-08,3,38.97
813,1998-03-09,2,24.98
813,1998-03-26,1,23.99
813,1998-03-29,2,18.98
813,1998-04-02,4,49.96
813,1998-04-08,3,34.97
813,1998-04-24,1,17.99
813,1998-05-01,4,57.96
813,1998-05-20,2,27.98
813,1998-06-04,3,46.97
813,1998-06-12,4,52.96
813,1998-06-20,2,25.48
814,1997-02-02,2,57.14
814,1997-02-08,5,64.66
814,1997-02-13,2,34.07
814,1997-02-14,1,12.97
814,1997-02-27,2,19.54
814,1997-03-02,1,11.77
814,1997-03-06,1,12.97
814,1997-03-13,3,35.51
815,1997-02-02,2,29.67
816,1997-02-02,1,14.37
817,1997-02-02,2,23.74
817,1997-02-25,3,39.71
817,1997-03-19,3,38.51
817,1997-09-14,3,40.97
818,1997-02-02,4,68.51
819,1997-02-02,1,15.36
819,1997-07-07,1,11.77
82,1997-01-05,5,66.84
82,1997-02-26,3,42.09
820,1997-02-02,1,12.97
821,1997-02-02,5,52.46
821,1997-03-07,5,66.63
822,1997-02-02,1,11.77
822,1997-06-20,1,14.96
823,1997-02-02,6,76.6
823,1997-02-04,3,40.7
823,1997-02-08,3,43.7
824,1997-02-02,1,22
825,1997-02-02,3,45.53
826,1997-02-02,4,58.53
827,1997-02-02,1,19.99
827,1997-04-01,1,13.97
828,1997-02-02,1,12.49
829,1997-02-02,4,33.7
83,1997-01-05,2,21.76
830,1997-02-02,1,10.99
830,1997-06-30,4,44.28
831,1997-02-02,1,13.97
831,1997-07-19,2,21.75
832,1997-02-02,1,17.96
833,1997-02-02,2,18.54
834,1997-02-02,2,20.98
834,1998-03-21,1,11.49
835,1997-02-02,7,129.98
836,1997-02-02,1,15.7
836,1997-06-27,1,12.25
836,1997-09-07,1,12.25
837,1997-02-02,1,12.97
837,1997-02-06,1,12.97
838,1997-02-02,5,61.45
839,1997-02-02,2,27.13
839,1997-11-14,1,15.49
84,1997-01-05,1,14.96
840,1997-02-02,1,14.96
840,1997-08-08,1,15.96
840,1997-11-08,1,12.99
840,1998-03-02,2,102.48
840,1998-06-07,2,50.98
841,1997-02-03,3,41.1
841,1997-02-07,4,45.28
841,1997-02-10,2,29.33
841,1997-02-13,2,29.33
841,1997-02-19,2,23.54
841,1997-02-24,2,23.54
841,1997-02-26,1,13.97
841,1997-03-03,2,29.33
841,1997-03-17,3,37.3
841,1997-03-21,1,9.99
841,1997-03-24,3,42.32
841,1997-03-28,1,11.77
841,1997-04-11,1,12.77
841,1997-04-15,2,37.54
841,1997-04-22,3,38.31
841,1997-04-24,1,15.36
841,1997-06-23,2,21.54
841,1997-07-24,4,50.48
841,1997-07-25,4,60.05
841,1997-09-29,2,28.48
841,1997-10-27,2,26.98
841,1997-11-14,1,9.49
841,1997-12-02,11,141.89
841,1997-12-03,4,38.46
841,1997-12-09,1,11.49
841,1997-12-15,1,12.49
841,1998-01-12,1,14.49
841,1998-02-16,2,25.48
841,1998-03-09,3,45.47
841,1998-03-11,1,11.49
841,1998-03-23,3,36.97
841,1998-04-23,1,25.99
841,1998-05-19,1,22.99
842,1997-02-03,4,61.09
842,1997-03-29,11,166.25
842,1997-06-30,3,41.5
843,1997-02-03,3,47.71
843,1997-08-09,3,50.33
843,1997-08-18,2,26.56
843,1998-02-07,2,27.97
844,1997-02-03,1,12.99
845,1997-02-03,5,68.65
845,1997-02-16,7,88.18
845,1997-06-30,10,131.07
846,1997-02-03,3,35.51
846,1997-02-11,2,33.76
846,1997-05-12,7,103.94
847,1997-02-03,2,23.36
848,1997-02-03,13,261.79
849,1997-02-03,1,11.77
85,1997-01-05,1,14.99
850,1997-02-03,1,11.77
850,1997-03-21,2,58.14
851,1997-02-03,8,119.57
852,1997-02-03,3,43.3
853,1997-02-03,2,26.14
854,1997-02-03,2,31.72
854,1997-02-06,1,16.76
854,1997-12-24,1,10.49
854,1998-04-21,8,116.33
855,1997-02-03,1,54.77
856,1997-02-03,3,39.71
856,1997-04-18,1,13.97
856,1997-10-10,2,28.48
856,1997-10-30,2,24.98
856,1997-11-25,5,62.95
856,1998-02-27,2,57.57
856,1998-04-10,5,65.34
857,1997-02-03,1,13.7
858,1997-02-03,5,72.85
858,1997-02-13,2,29.98
859,1997-02-03,1,10.78
86,1997-01-05,1,14.96
86,1997-02-03,2,24.74
86,1997-02-05,1,8
86,1997-02-25,1,13.97
86,1997-02-27,1,27.77
86,1997-03-18,3,45.28
86,1997-06-24,4,58.68
86,1997-07-09,1,14.96
86,1997-12-30,1,17.49
86,1998-02-27,1,18.49
86,1998-03-23,1,10.49
86,1998-06-17,3,46.47
860,1997-02-03,2,29.58
861,1997-02-03,2,30.32
861,1997-06-03,1,15.96
861,1997-06-11,1,9.98
861,1998-01-04,3,40.97
861,1998-01-09,3,40.97
862,1997-02-03,2,57.54
863,1997-02-03,1,11.77
864,1997-02-03,1,10.77
865,1997-02-03,2,25.54
865,1997-05-18,3,43.09
866,1997-02-03,1,28.99
867,1997-02-03,1,14.79
867,1997-02-23,1,13.77
867,1997-03-16,2,24.98
867,1997-03-25,2,28.93
867,1997-04-13,1,14.96
867,1997-08-10,2,26.94
867,1997-08-15,2,29.93
867,1997-09-11,2,25.98
867,1997-10-07,4,51.96
867,1997-10-22,3,37.97
867,1997-11-07,2,25.98
867,1997-11-16,1,12.99
867,1997-12-08,2,27.48
867,1997-12-15,2,26.98
867,1998-01-07,4,46.96
867,1998-01-19,2,24.48
867,1998-02-02,1,11.99
867,1998-02-16,2,25.48
867,1998-03-03,3,37.86
867,1998-03-18,3,38.97
867,1998-05-18,1,14.99
868,1997-02-03,2,50
869,1997-02-03,1,15.36
87,1997-01-05,1,0
870,1997-02-03,1,14.37
870,1997-12-22,1,8.99
870,1998-03-04,1,14.49
871,1997-02-03,1,15.36
872,1997-02-03,2,29.73
873,1997-02-03,1,15.76
873,1997-02-04,1,9.77
874,1997-02-03,1,14.96
875,1997-02-03,1,9.77
876,1997-02-03,3,56.35
876,1997-08-16,4,46.5
877,1997-02-04,2,28.34
877,1997-05-31,1,26.75
878,1997-02-04,4,47.3
879,1997-02-04,2,32.32
88,1997-01-05,2,30.29
88,1997-02-14,2,14.96
88,1997-03-05,2,11.58
88,1997-03-26,1,6.79
88,1997-04-13,1,6.79
88,1997-07-24,1,12.25
88,1997-08-04,2,20.74
88,1997-08-24,2,24.02
88,1997-09-03,1,14.96
88,1997-09-09,1,12.99
88,1997-09-10,1,11.49
88,1997-10-07,1,5.49
88,1997-11-18,2,9.98
88,1998-03-01,1,5.49
88,1998-03-06,1,2.99
880,1997-02-04,3,27.57
880,1997-03-28,1,14.96
880,1997-04-06,1,15.96
880,1998-03-25,1,12.99
880,1998-04-15,1,6.28
880,1998-04-17,1,28.49
880,1998-05-07,1,14.49
881,1997-02-04,2,29.92
882,1997-02-04,1,30.99
882,1997-04-14,1,10.77
882,1998-06-16,3,26.97
883,1997-02-04,1,14.96
883,1997-05-22,2,29.92
884,1997-02-04,2,27.76
885,1997-02-04,2,23.54
886,1997-02-04,2,65.13
886,1997-02-07,4,68.41
886,1997-04-19,2,18.95
886,1997-06-16,2,32.77
886,1997-08-20,8,123.28
886,1998-03-04,6,74.93
886,1998-03-06,1,60.99
887,1997-02-04,1,10.78
887,1997-12-04,2,35.48
888,1997-02-04,2,42.98
889,1997-02-04,1,14.99
889,1997-05-11,4,51.6
89,1997-01-05,5,71.63
890,1997-02-04,1,6.79
891,1997-02-04,1,19.99
892,1997-02-04,1,15.36
893,1997-02-04,2,48.6
893,1997-07-21,2,45.4
894,1997-02-04,2,11.58
895,1997-02-04,1,19.99
896,1997-02-04,2,30.33
897,1997-02-04,1,6.79
897,1997-02-05,1,11.77
897,1997-03-06,1,5.78
897,1997-03-20,1,9.77
897,1997-04-10,1,14.37
897,1997-05-18,1,6.79
898,1997-02-04,2,27.94
898,1997-04-17,1,14.96
899,1997-02-04,2,22.94
899,1998-03-20,1,11.49
899,1998-05-19,1,8.38
899,1998-06-25,1,9.49
9,1997-01-01,1,16.36
9,1997-05-01,2,28.13
9,1997-09-08,1,22.97
9,1998-02-10,1,28.49
9,1998-02-11,2,28.98
90,1997-01-05,1,37.97
900,1997-02-04,1,13.77
900,1997-07-28,2,54.73
900,1998-01-05,1,16.99
900,1998-04-27,2,35.86
900,1998-04-30,3,44.97
901,1997-02-04,1,52.77
902,1997-02-04,3,33.51
902,1997-04-13,3,53.5
902,1998-06-04,5,60.84
903,1997-02-04,1,14.37
903,1998-04-06,1,22.49
904,1997-02-04,2,31.33
904,1997-02-20,3,35.51
905,1997-02-04,1,15.76
906,1997-02-04,1,20.99
906,1997-10-09,5,68.45
907,1997-02-04,1,14.77
908,1997-02-04,1,15.36
908,1997-02-05,2,26.14
908,1997-02-18,2,28.74
908,1997-04-22,3,39.51
908,1997-05-06,2,24.33
908,1997-05-13,2,20.54
908,1997-07-06,2,30.32
908,1997-08-05,1,15.36
908,1997-12-07,2,20.98
909,1997-02-04,2,25.74
909,1997-06-16,2,30.33
909,1997-06-25,2,25.74
909,1998-02-26,3,34.24
909,1998-04-06,1,9.08
909,1998-04-16,1,8.38
91,1997-01-05,6,79.94
91,1997-08-26,1,14.99
910,1997-02-04,10,224.28
910,1997-05-04,9,152.72
910,1997-11-09,9,204.91
911,1997-02-04,1,11.77
912,1997-02-04,1,4.79
913,1997-02-05,1,13.77
914,1997-02-05,2,23.54
914,1998-04-10,2,23.98
915,1997-02-05,4,37.56
916,1997-02-05,7,92.81
916,1997-05-26,3,36.5
917,1997-02-05,1,13.77
918,1997-02-05,1,12.77
919,1997-02-05,1,8.77
92,1997-01-05,4,47.28
92,1997-01-11,4,60.84
92,1997-01-14,2,19.94
92,1997-01-22,2,24.74
92,1997-02-10,2,23.54
92,1997-05-18,6,99.19
92,1997-09-24,3,76.97
92,1998-04-18,5,62.79
920,1997-02-05,1,13.97
921,1997-02-05,2,30.53
921,1997-07-30,4,65.54
921,1997-09-22,2,45.48
921,1997-10-11,4,59.96
921,1997-12-11,4,59.96
921,1998-01-30,2,45.48
921,1998-04-22,4,59.96
922,1997-02-05,5,65.64
923,1997-02-05,1,14.37
924,1997-02-05,2,12.57
924,1997-11-09,3,29.97
924,1998-06-04,1,12.99
924,1998-06-05,1,14.99
925,1997-02-05,2,29.92
926,1997-02-05,3,37.47
927,1997-02-05,2,24.74
927,1998-04-22,1,12.58
927,1998-05-19,2,23.98
927,1998-06-05,2,23.98
928,1997-02-05,2,20.74
928,1997-04-06,1,14.37
928,1998-03-04,1,10.49
929,1997-02-05,1,13.97
93,1997-01-05,1,34.9
930,1997-02-05,4,38.7
930,1997-03-25,3,44.57
930,1997-04-05,2,20.89
930,1997-06-17,1,9.98
930,1997-08-07,1,24.99
931,1997-02-05,1,14.37
932,1997-02-05,2,24.96
932,1997-03-09,2,25.94
932,1998-02-26,1,12.58
932,1998-05-01,1,9.49
932,1998-05-23,2,29.98
933,1997-02-05,1,20.97
933,1997-07-16,2,28.74
934,1997-02-05,2,29.92
935,1997-02-05,1,14.96
935,1997-02-23,1,17.9
936,1997-02-05,2,39.14
937,1997-02-05,1,11.77
937,1997-03-03,1,15.99
938,1997-02-06,1,35.77
938,1997-06-02,1,14.96
938,1997-09-25,3,8.97
939,1997-02-06,4,58.47
94,1997-01-05,3,43.09
940,1997-02-06,2,24.54
940,1997-02-27,2,29.93
940,1997-12-07,2,25.48
941,1997-02-06,4,51.38
942,1997-02-06,13,182.02
943,1997-02-06,2,26.95
944,1997-02-06,3,31.11
944,1997-03-17,2,31.48
944,1997-09-30,3,56.47
944,1998-01-05,6,78.94
945,1997-02-06,1,15.9
946,1997-02-06,2,27.76
946,1997-02-22,5,75.84
946,1997-02-26,2,18.55
946,1997-03-10,1,9.77
946,1997-05-24,1,12.25
946,1998-02-27,1,10.49
947,1997-02-06,1,18.36
948,1997-02-06,2,30.67
948,1997-03-21,1,14.96
949,1997-02-06,3,32.92
949,1997-02-07,2,20.95
949,1997-02-12,2,26.73
949,1997-02-14,1,4.79
949,1997-03-03,2,26.93
949,1997-08-13,1,8.79
949,1997-09-15,2,21.98
949,1997-09-22,3,30.97
949,1997-12-09,1,12.99
949,1997-12-14,1,12.49
949,1998-02-08,1,4.49
949,1998-04-14,1,12.49
949,1998-05-07,1,11.88
95,1997-01-05,3,31.51
950,1997-02-06,1,14.96
950,1997-02-14,2,30.72
951,1997-02-06,4,52.48
952,1997-02-06,12,141.16
952,1997-02-22,8,125.69
953,1997-02-06,1,11.77
954,1997-02-06,3,30.93
955,1997-02-06,7,122.9
955,1997-03-13,9,135.92
955,1997-05-18,7,142.9
955,1997-05-21,2,39
955,1997-07-24,4,81
956,1997-02-06,1,18.36
956,1998-06-16,1,11.49
957,1997-02-06,1,12.49
957,1997-03-25,1,12.79
958,1997-02-06,1,19.99
959,1997-02-06,6,77.21
96,1997-01-05,3,56.51
960,1997-02-06,1,40.97
961,1997-02-06,1,13.97
962,1997-02-06,1,10.97
962,1997-02-13,1,13.97
962,1997-12-09,3,61.47
963,1997-02-06,1,18.99
964,1997-02-06,1,11.97
964,1997-03-25,2,28.76
964,1997-03-31,2,26.13
964,1997-05-16,1,14.79
964,1997-06-30,1,26.75
964,1997-07-14,1,38.1
964,1997-08-12,1,11.77
964,1997-09-05,1,14.79
964,1997-10-10,3,41.97
964,1998-03-25,3,38.55
964,1998-04-12,3,49.47
964,1998-06-04,2,29.48
965,1997-02-06,1,13.97
965,1997-04-24,4,42.02
965,1998-01-19,1,22.99
966,1997-02-06,2,25.76
966,1998-01-28,2,28.07
967,1997-02-06,2,29.33
967,1997-02-26,2,29.92
967,1997-03-03,4,44.9
967,1997-04-22,1,14.37
967,1997-06-20,1,39.51
967,1997-07-27,4,57.5
967,1997-09-03,1,68.77
967,1997-12-15,2,27.48
967,1998-02-17,2,28.21
967,1998-03-14,2,23.98
967,1998-03-23,1,14.49
968,1997-02-06,1,9.97
968,1998-01-09,1,13.49
968,1998-01-18,1,68.99
968,1998-06-28,2,28.48
969,1997-02-06,4,80.71
969,1997-02-12,3,49.33
969,1997-02-22,3,41.29
969,1997-06-02,2,28.93
969,1997-06-04,1,5.76
969,1997-06-14,1,42.77
969,1998-02-15,1,33.99
969,1998-05-02,2,56.98
97,1997-01-05,2,36.36
970,1997-02-06,1,9.77
971,1997-02-06,2,25.54
971,1997-03-30,1,9.97
971,1997-05-17,1,14.96
972,1997-02-06,6,96.29
973,1997-02-06,1,28.99
973,1997-06-08,3,38.51
974,1997-02-06,2,31.52
975,1997-02-06,3,37.31
975,1997-02-09,2,32.74
975,1997-07-23,2,29.98
975,1997-07-27,8,115.36
975,1997-07-29,1,9.99
975,1997-09-03,4,54.67
975,1997-09-07,3,39.7
976,1997-02-06,1,14.96
977,1997-02-06,4,56.27
977,1997-03-23,1,22.97
977,1997-04-27,2,50.74
977,1998-01-18,1,37.49
978,1997-02-06,1,15.36
979,1997-02-06,1,17.9
979,1997-11-09,2,15.98
979,1998-02-20,1,14.99
979,1998-03-15,1,14.99
979,1998-03-17,1,11.88
98,1997-01-05,1,11.77
98,1997-06-22,2,25.74
98,1997-08-16,3,41.1
98,1997-12-21,1,14.99
98,1998-01-28,3,38.97
980,1997-02-06,6,113.94
981,1997-02-07,3,30.31
981,1997-04-16,3,41.49
981,1997-05-30,3,35.3
982,1997-02-07,1,16.7
982,1997-05-31,2,31.6
982,1997-08-16,2,23.54
982,1997-10-07,2,25.98
983,1997-02-07,1,13.97
983,1998-01-05,1,15.49
984,1997-02-07,1,13.97
985,1997-02-07,2,40.74
985,1997-04-08,3,36.44
985,1997-04-09,2,20.74
985,1997-04-30,1,28.3
985,1997-06-24,2,30.42
985,1997-07-26,6,77.63
985,1997-08-01,1,16.7
985,1998-05-25,2,25.98
986,1997-02-07,2,28.93
987,1997-02-07,2,28.34
988,1997-02-07,1,14.96
988,1997-06-27,3,43.9
989,1997-02-07,2,39.98
99,1997-01-05,1,6.79
99,1997-01-15,1,4.79
99,1997-08-24,2,24.5
99,1997-09-11,4,35.96
99,1997-09-25,2,17.48
99,1998-01-17,3,32.47
99,1998-03-26,3,58.97
99,1998-05-05,3,21.09
990,1997-02-07,5,55.27
990,1997-07-27,3,40.51
990,1997-11-07,8,97.92
990,1998-01-17,11,149.94
990,1998-03-30,5,75.53
990,1998-04-24,2,23.76
990,1998-06-10,4,60.49
991,1997-02-07,1,13.97
992,1997-02-07,4,49.68
993,1997-02-07,3,30.31
994,1997-02-07,4,59.96
994,1997-02-13,2,39.98
994,1997-04-23,2,44.98
994,1998-02-25,4,62.96
995,1997-02-07,2,29.73
996,1997-02-07,3,45.68
997,1997-02-07,1,11.77
998,1997-02-07,2,28.76
999,1997-02-07,1,10.78
999,1997-02-19,1,10.78
